start,end,Row number,response row,title,lat,long,desc,pic,pos,marker,color,size,opacity,edge,mapMarker,mapColor,mapSize,where,show,click,id,citation
,,2,Spanish (Mexico),Spanish (Mexico) - 32 people,23.634501,-102.552784,32 people at UIC speak Spanish (Mexico),,2,circle,#d50032,12,,black,,,,"-102.552784,23.634501",,,,
,,2,Portuguese,Portuguese - 5 people,-16.609874,-50.976563,5 people at UIC are learning Portuguese,,2,square,#00b5e2,12,,black,,,,"-50.976563,-16.609874",,,,
,,3,Spanish (Mexico),Spanish (Mexico) - 32 people,23.634501,-102.552784,32 people at UIC speak Spanish (Mexico),,2,circle,#d50032,12,,black,,,,"-102.552784,23.634501",,,,
,,3,,,#N/A,#N/A,,,2,square,#00b5e2,12,,black,,,,,,,,
,,4,Arabic (Iraq),Arabic (Iraq) - 4 people,33.223191,43.679291,4 people at UIC speak Arabic (Iraq),,2,circle,#d50032,12,,black,,,,"43.679291,33.223191",,,,
,,4,Arabic,Arabic - 3 people,29.298528,42.55096,3 people at UIC are learning Arabic,,2,square,#00b5e2,12,,black,,,,"42.55096,29.298528",,,,
,,5,Hindi,Hindi - 3 people,28.677782,77.261272,3 people at UIC speak Hindi,,2,circle,#d50032,12,,black,,,,"77.261272,28.677782",,,,
,,5,Spanish,Spanish - 40 people,36.999,-109.0452,40 people at UIC are learning Spanish,,2,square,#00b5e2,12,,black,,,,"-109.0452,36.999",,,,
,,6,Korean,Korean - 2 people,35.866667,128.6,2 people at UIC speak Korean,,2,circle,#d50032,12,,black,,,,"128.6,35.866667",,,,
,,6,Japanese,Japanese - 3 people,38.164255,140.20752,3 people at UIC are learning Japanese,,2,square,#00b5e2,12,,black,,,,"140.20752,38.164255",,,,
,,7,Hindi,Hindi - 3 people,28.677782,77.261272,3 people at UIC speak Hindi,,2,circle,#d50032,12,,black,,,,"77.261272,28.677782",,,,
,,7,Malyalam,Malyalam - 1 person,8.5,77,1 person at UIC is learning Malyalam,,2,square,#00b5e2,12,,black,,,,"77,8.5",,,,
,,8,Spanish (Mexico),Spanish (Mexico) - 32 people,23.634501,-102.552784,32 people at UIC speak Spanish (Mexico),,2,circle,#d50032,12,,black,,,,"-102.552784,23.634501",,,,
,,8,Arabic,Arabic - 3 people,29.298528,42.55096,3 people at UIC are learning Arabic,,2,square,#00b5e2,12,,black,,,,"42.55096,29.298528",,,,
,,9,Spanish (Mexico),Spanish (Mexico) - 32 people,23.634501,-102.552784,32 people at UIC speak Spanish (Mexico),,2,circle,#d50032,12,,black,,,,"-102.552784,23.634501",,,,
,,9,German,German - 14 people,48.790447,11.497889,14 people at UIC are learning German,,2,square,#00b5e2,12,,black,,,,"11.497889,48.790447",,,,
,,10,German,German - 4 people,52.520007,13.404954,4 people at UIC speak German,,2,circle,#d50032,12,,black,,,,"13.404954,52.520007",,,,
,,10,Japanese,Japanese - 3 people,38.164255,140.20752,3 people at UIC are learning Japanese,,2,square,#00b5e2,12,,black,,,,"140.20752,38.164255",,,,
,,11,Spanish (Mexico),Spanish (Mexico) - 32 people,23.634501,-102.552784,32 people at UIC speak Spanish (Mexico),,2,circle,#d50032,12,,black,,,,"-102.552784,23.634501",,,,
,,11,Spanish,Spanish - 40 people,36.999,-109.0452,40 people at UIC are learning Spanish,,2,square,#00b5e2,12,,black,,,,"-109.0452,36.999",,,,
,,12,,,#N/A,#N/A,,,2,circle,#d50032,12,,black,,,,,,,,
,,12,,,#N/A,#N/A,,,2,square,#00b5e2,12,,black,,,,,,,,
,,13,Serbian,Serbian - 3 people,44.016521,21.005859,3 people at UIC speak Serbian,,2,circle,#d50032,12,,black,,,,"21.005859,44.016521",,,,
,,13,Spanish,Spanish - 40 people,36.999,-109.0452,40 people at UIC are learning Spanish,,2,square,#00b5e2,12,,black,,,,"-109.0452,36.999",,,,
,,14,Japanese,Japanese - 3 people,34.693738,135.502165,3 people at UIC speak Japanese,,2,circle,#d50032,12,,black,,,,"135.502165,34.693738",,,,
,,14,,,#N/A,#N/A,,,2,square,#00b5e2,12,,black,,,,,,,,
,,15,Spanish (Peru),Spanish (Peru) - 2 people,-9.189967,-75.015152,2 people at UIC speak Spanish (Peru),,2,circle,#d50032,12,,black,,,,"-75.015152,-9.189967",,,,
,,15,,,#N/A,#N/A,,,2,square,#00b5e2,12,,black,,,,,,,,
,,16,Serbian,Serbian - 3 people,44.016521,21.005859,3 people at UIC speak Serbian,,2,circle,#d50032,12,,black,,,,"21.005859,44.016521",,,,
,,16,,,#N/A,#N/A,,,2,square,#00b5e2,12,,black,,,,,,,,
,,17,Spanish (Puerto Rico),Spanish (Puerto Rico) - 5 people,18.220833,-66.590149,5 people at UIC speak Spanish (Puerto Rico),,2,circle,#d50032,12,,black,,,,"-66.590149,18.220833",,,,
,,17,,,#N/A,#N/A,,,2,square,#00b5e2,12,,black,,,,,,,,
,,18,French (France),French (France) - 4 people,46.227638,2.213749,4 people at UIC speak French (France),,2,circle,#d50032,12,,black,,,,"2.213749,46.227638",,,,
,,18,,,#N/A,#N/A,,,2,square,#00b5e2,12,,black,,,,,,,,
,,19,Tagalog,Tagalog - 9 people,12.879721,121.774017,9 people at UIC speak Tagalog,,2,circle,#d50032,12,,black,,,,"121.774017,12.879721",,,,
,,19,Spanish,Spanish - 40 people,36.999,-109.0452,40 people at UIC are learning Spanish,,2,square,#00b5e2,12,,black,,,,"-109.0452,36.999",,,,
,,20,Polish,Polish - 4 people,51.919438,19.145136,4 people at UIC speak Polish,,2,circle,#d50032,12,,black,,,,"19.145136,51.919438",,,,
,,20,,,#N/A,#N/A,,,2,square,#00b5e2,12,,black,,,,,,,,
,,21,Italian,Italian - 5 people,41.87194,12.56738,5 people at UIC speak Italian,,2,circle,#d50032,12,,black,,,,"12.56738,41.87194",,,,
,,21,,,#N/A,#N/A,,,2,square,#00b5e2,12,,black,,,,,,,,
,,22,,,#N/A,#N/A,,,2,circle,#d50032,12,,black,,,,,,,,
,,22,French,French - 75 people,48.856614,2.352222,75 people at UIC are learning French,,2,square,#00b5e2,12,,black,,,,"2.352222,48.856614",,,,
,,23,,,#N/A,#N/A,,,2,circle,#d50032,12,,black,,,,,,,,
,,23,German,German - 14 people,48.790447,11.497889,14 people at UIC are learning German,,2,square,#00b5e2,12,,black,,,,"11.497889,48.790447",,,,
,,24,Turkish,Turkish - 2 people,38.963745,35.243322,2 people at UIC speak Turkish,,2,circle,#d50032,12,,black,,,,"35.243322,38.963745",,,,
,,24,,,#N/A,#N/A,,,2,square,#00b5e2,12,,black,,,,,,,,
,,25,Catalan,Catalan - 1 person,41.591159,1.520862,1 person at UIC speaks Catalan,,2,circle,#d50032,12,,black,,,,"1.520862,41.591159",,,,
,,25,Portuguese,Portuguese - 5 people,-16.609874,-50.976563,5 people at UIC are learning Portuguese,,2,square,#00b5e2,12,,black,,,,"-50.976563,-16.609874",,,,
,,26,Spanish (Venezuela),Spanish (Venezuela) - 2 people,6.42375,-66.58973,2 people at UIC speak Spanish (Venezuela),,2,circle,#d50032,12,,black,,,,"-66.58973,6.42375",,,,
,,26,,,#N/A,#N/A,,,2,square,#00b5e2,12,,black,,,,,,,,
,,27,Spanish (Puerto Rico),Spanish (Puerto Rico) - 5 people,18.220833,-66.590149,5 people at UIC speak Spanish (Puerto Rico),,2,circle,#d50032,12,,black,,,,"-66.590149,18.220833",,,,
,,27,Russian,Russian - 6 people,63.57301,88.59375,6 people at UIC are learning Russian,,2,square,#00b5e2,12,,black,,,,"88.59375,63.57301",,,,
,,28,French (Québec),French (Québec) - 1 person,46.813878,-71.207981,1 person at UIC speaks French (Québec),,2,circle,#d50032,12,,black,,,,"-71.207981,46.813878",,,,
,,28,Hungarian,Hungarian - 1 person,47.4925,19.051389,1 person at UIC is learning Hungarian,,2,square,#00b5e2,12,,black,,,,"19.051389,47.4925",,,,
,,29,Tagalog,Tagalog - 9 people,12.879721,121.774017,9 people at UIC speak Tagalog,,2,circle,#d50032,12,,black,,,,"121.774017,12.879721",,,,
,,29,,,#N/A,#N/A,,,2,square,#00b5e2,12,,black,,,,,,,,
,,30,Spanish (Mexico),Spanish (Mexico) - 32 people,23.634501,-102.552784,32 people at UIC speak Spanish (Mexico),,2,circle,#d50032,12,,black,,,,"-102.552784,23.634501",,,,
,,30,,,#N/A,#N/A,,,2,square,#00b5e2,12,,black,,,,,,,,
,,31,,,#N/A,#N/A,,,2,circle,#d50032,12,,black,,,,,,,,
,,31,French,French - 75 people,48.856614,2.352222,75 people at UIC are learning French,,2,square,#00b5e2,12,,black,,,,"2.352222,48.856614",,,,
,,32,Hebrew,Hebrew - 5 people,30.246908,34.892578,5 people at UIC speak Hebrew,,2,circle,#d50032,12,,black,,,,"34.892578,30.246908",,,,
,,32,Spanish,Spanish - 40 people,36.999,-109.0452,40 people at UIC are learning Spanish,,2,square,#00b5e2,12,,black,,,,"-109.0452,36.999",,,,
,,33,African American Vernacular English (AAVE),African American Vernacular English (AAVE) - 1 person,38.627222,-90.197778,1 person at UIC speaks African American Vernacular English (AAVE),,2,circle,#d50032,12,,black,,,,"-90.197778,38.627222",,,,
,,33,,,#N/A,#N/A,,,2,square,#00b5e2,12,,black,,,,,,,,
,,34,Czech,Czech - 1 person,50.075538,14.4378,1 person at UIC speaks Czech,,2,circle,#d50032,12,,black,,,,"14.4378,50.075538",,,,
,,34,,,#N/A,#N/A,,,2,square,#00b5e2,12,,black,,,,,,,,
,,35,,,#N/A,#N/A,,,2,circle,#d50032,12,,black,,,,,,,,
,,35,French,French - 75 people,48.856614,2.352222,75 people at UIC are learning French,,2,square,#00b5e2,12,,black,,,,"2.352222,48.856614",,,,
,,36,Spanish (Venezuela),Spanish (Venezuela) - 2 people,6.42375,-66.58973,2 people at UIC speak Spanish (Venezuela),,2,circle,#d50032,12,,black,,,,"-66.58973,6.42375",,,,
,,36,,,#N/A,#N/A,,,2,square,#00b5e2,12,,black,,,,,,,,
,,37,Spanish (Spain),Spanish (Spain) - 3 people,40.463667,-3.74922,3 people at UIC speak Spanish (Spain),,2,circle,#d50032,12,,black,,,,"-3.74922,40.463667",,,,
,,37,American Sign Language,American Sign Language - 2 people,41.771,-72.7473,2 people at UIC are learning American Sign Language,,2,square,#00b5e2,12,,black,,,,"-72.7473,41.771",,,,
,,38,Polish,Polish - 4 people,51.919438,19.145136,4 people at UIC speak Polish,,2,circle,#d50032,12,,black,,,,"19.145136,51.919438",,,,
,,38,,,#N/A,#N/A,,,2,square,#00b5e2,12,,black,,,,,,,,
,,39,Hindi,Hindi - 3 people,28.677782,77.261272,3 people at UIC speak Hindi,,2,circle,#d50032,12,,black,,,,"77.261272,28.677782",,,,
,,39,,,#N/A,#N/A,,,2,square,#00b5e2,12,,black,,,,,,,,
,,40,Estonian,Estonian - 1 person,58.595272,25.013607,1 person at UIC speaks Estonian,,2,circle,#d50032,12,,black,,,,"25.013607,58.595272",,,,
,,40,,,#N/A,#N/A,,,2,square,#00b5e2,12,,black,,,,,,,,
,,41,Mandingo (The Gambia),Mandingo (The Gambia) - 1 person,13.466667,-16.6,1 person at UIC speaks Mandingo (The Gambia),,2,circle,#d50032,12,,black,,,,"-16.6,13.466667",,,,
,,41,Spanish,Spanish - 40 people,36.999,-109.0452,40 people at UIC are learning Spanish,,2,square,#00b5e2,12,,black,,,,"-109.0452,36.999",,,,
,,42,,,#N/A,#N/A,,,2,circle,#d50032,12,,black,,,,,,,,
,,42,Spanish,Spanish - 40 people,36.999,-109.0452,40 people at UIC are learning Spanish,,2,square,#00b5e2,12,,black,,,,"-109.0452,36.999",,,,
,,43,Mandarin (Mainland China),Mandarin (Mainland China) - 4 people,35.86166,104.195397,4 people at UIC speak Mandarin (Mainland China),,2,circle,#d50032,12,,black,,,,"104.195397,35.86166",,,,
,,43,Chinese,Chinese - 3 people,39.904211,116.407395,3 people at UIC are learning Chinese,,2,square,#00b5e2,12,,black,,,,"116.407395,39.904211",,,,
,,44,Latvian,Latvian - 1 person,56.879635,24.603189,1 person at UIC speaks Latvian,,2,circle,#d50032,12,,black,,,,"24.603189,56.879635",,,,
,,44,,,#N/A,#N/A,,,2,square,#00b5e2,12,,black,,,,,,,,
,,45,Spanish (Puerto Rico),Spanish (Puerto Rico) - 5 people,18.220833,-66.590149,5 people at UIC speak Spanish (Puerto Rico),,2,circle,#d50032,12,,black,,,,"-66.590149,18.220833",,,,
,,45,German,German - 14 people,48.790447,11.497889,14 people at UIC are learning German,,2,square,#00b5e2,12,,black,,,,"11.497889,48.790447",,,,
,,46,Tagalog,Tagalog - 9 people,12.879721,121.774017,9 people at UIC speak Tagalog,,2,circle,#d50032,12,,black,,,,"121.774017,12.879721",,,,
,,46,Spanish,Spanish - 40 people,36.999,-109.0452,40 people at UIC are learning Spanish,,2,square,#00b5e2,12,,black,,,,"-109.0452,36.999",,,,
,,47,,,#N/A,#N/A,,,2,circle,#d50032,12,,black,,,,,,,,
,,47,Italian,Italian - 7 people,43.614702,12.128906,7 people at UIC are learning Italian,,2,square,#00b5e2,12,,black,,,,"12.128906,43.614702",,,,
,,48,Albanian,Albanian - 4 people,41.153332,20.168331,4 people at UIC speak Albanian,,2,circle,#d50032,12,,black,,,,"20.168331,41.153332",,,,
,,48,Spanish,Spanish - 40 people,36.999,-109.0452,40 people at UIC are learning Spanish,,2,square,#00b5e2,12,,black,,,,"-109.0452,36.999",,,,
,,49,Spanish (Spain),Spanish (Spain) - 3 people,40.463667,-3.74922,3 people at UIC speak Spanish (Spain),,2,circle,#d50032,12,,black,,,,"-3.74922,40.463667",,,,
,,49,Spanish,Spanish - 40 people,36.999,-109.0452,40 people at UIC are learning Spanish,,2,square,#00b5e2,12,,black,,,,"-109.0452,36.999",,,,
,,50,German,German - 4 people,52.520007,13.404954,4 people at UIC speak German,,2,circle,#d50032,12,,black,,,,"13.404954,52.520007",,,,
,,50,,,#N/A,#N/A,,,2,square,#00b5e2,12,,black,,,,,,,,
,,51,Hebrew,Hebrew - 5 people,30.246908,34.892578,5 people at UIC speak Hebrew,,2,circle,#d50032,12,,black,,,,"34.892578,30.246908",,,,
,,51,French,French - 75 people,48.856614,2.352222,75 people at UIC are learning French,,2,square,#00b5e2,12,,black,,,,"2.352222,48.856614",,,,
,,52,Romanian,Romanian - 1 person,45.943161,24.96676,1 person at UIC speaks Romanian,,2,circle,#d50032,12,,black,,,,"24.96676,45.943161",,,,
,,52,Russian,Russian - 6 people,63.57301,88.59375,6 people at UIC are learning Russian,,2,square,#00b5e2,12,,black,,,,"88.59375,63.57301",,,,
,,53,Greek,Greek - 1 person,39.074208,21.824312,1 person at UIC speaks Greek,,2,circle,#d50032,12,,black,,,,"21.824312,39.074208",,,,
,,53,French,French - 75 people,48.856614,2.352222,75 people at UIC are learning French,,2,square,#00b5e2,12,,black,,,,"2.352222,48.856614",,,,
,,54,Spanish (Mexico),Spanish (Mexico) - 32 people,23.634501,-102.552784,32 people at UIC speak Spanish (Mexico),,2,circle,#d50032,12,,black,,,,"-102.552784,23.634501",,,,
,,54,Spanish,Spanish - 40 people,36.999,-109.0452,40 people at UIC are learning Spanish,,2,square,#00b5e2,12,,black,,,,"-109.0452,36.999",,,,
,,55,Spanish (Mexico),Spanish (Mexico) - 32 people,23.634501,-102.552784,32 people at UIC speak Spanish (Mexico),,2,circle,#d50032,12,,black,,,,"-102.552784,23.634501",,,,
,,55,Spanish,Spanish - 40 people,36.999,-109.0452,40 people at UIC are learning Spanish,,2,square,#00b5e2,12,,black,,,,"-109.0452,36.999",,,,
,,56,Spanish (Mexico),Spanish (Mexico) - 32 people,23.634501,-102.552784,32 people at UIC speak Spanish (Mexico),,2,circle,#d50032,12,,black,,,,"-102.552784,23.634501",,,,
,,56,Spanish,Spanish - 40 people,36.999,-109.0452,40 people at UIC are learning Spanish,,2,square,#00b5e2,12,,black,,,,"-109.0452,36.999",,,,
,,57,,,#N/A,#N/A,,,2,circle,#d50032,12,,black,,,,,,,,
,,57,Italian,Italian - 7 people,43.614702,12.128906,7 people at UIC are learning Italian,,2,square,#00b5e2,12,,black,,,,"12.128906,43.614702",,,,
,,58,Spanish (Ecuador),Spanish (Ecuador) - 3 people,-1.831239,-78.183406,3 people at UIC speak Spanish (Ecuador),,2,circle,#d50032,12,,black,,,,"-78.183406,-1.831239",,,,
,,58,French,French - 75 people,48.856614,2.352222,75 people at UIC are learning French,,2,square,#00b5e2,12,,black,,,,"2.352222,48.856614",,,,
,,59,French (France),French (France) - 4 people,46.227638,2.213749,4 people at UIC speak French (France),,2,circle,#d50032,12,,black,,,,"2.213749,46.227638",,,,
,,59,French,French - 75 people,48.856614,2.352222,75 people at UIC are learning French,,2,square,#00b5e2,12,,black,,,,"2.352222,48.856614",,,,
,,60,English,English - 6 people,#N/A,#N/A,6 people at UIC speak English,,2,circle,#d50032,12,,black,,,,,,,,
,,60,German,German - 14 people,48.790447,11.497889,14 people at UIC are learning German,,2,square,#00b5e2,12,,black,,,,"11.497889,48.790447",,,,
,,61,,,#N/A,#N/A,,,2,circle,#d50032,12,,black,,,,,,,,
,,61,French,French - 75 people,48.856614,2.352222,75 people at UIC are learning French,,2,square,#00b5e2,12,,black,,,,"2.352222,48.856614",,,,
,,62,Punjabi,Punjabi - 2 people,30.953469,74.509277,2 people at UIC speak Punjabi,,2,circle,#d50032,12,,black,,,,"74.509277,30.953469",,,,
,,62,German,German - 14 people,48.790447,11.497889,14 people at UIC are learning German,,2,square,#00b5e2,12,,black,,,,"11.497889,48.790447",,,,
,,63,Spanish (Panama),Spanish (Panama) - 1 person,8.537981,-80.782127,1 person at UIC speaks Spanish (Panama),,2,circle,#d50032,12,,black,,,,"-80.782127,8.537981",,,,
,,63,Spanish,Spanish - 40 people,36.999,-109.0452,40 people at UIC are learning Spanish,,2,square,#00b5e2,12,,black,,,,"-109.0452,36.999",,,,
,,64,Vietnamese,Vietnamese - 1 person,14.058324,108.277199,1 person at UIC speaks Vietnamese,,2,circle,#d50032,12,,black,,,,"108.277199,14.058324",,,,
,,64,French,French - 75 people,48.856614,2.352222,75 people at UIC are learning French,,2,square,#00b5e2,12,,black,,,,"2.352222,48.856614",,,,
,,65,Urdu,Urdu - 6 people,24.824132,76.816406,6 people at UIC speak Urdu,,2,circle,#d50032,12,,black,,,,"76.816406,24.824132",,,,
,,65,Spanish,Spanish - 40 people,36.999,-109.0452,40 people at UIC are learning Spanish,,2,square,#00b5e2,12,,black,,,,"-109.0452,36.999",,,,
,,66,French (Haiti),French (Haiti) - 1 person,18.533333,-72.333333,1 person at UIC speaks French (Haiti),,2,circle,#d50032,12,,black,,,,"-72.333333,18.533333",,,,
,,66,,,#N/A,#N/A,,,2,square,#00b5e2,12,,black,,,,,,,,
,,67,Tagalog,Tagalog - 9 people,12.879721,121.774017,9 people at UIC speak Tagalog,,2,circle,#d50032,12,,black,,,,"121.774017,12.879721",,,,
,,67,French,French - 75 people,48.856614,2.352222,75 people at UIC are learning French,,2,square,#00b5e2,12,,black,,,,"2.352222,48.856614",,,,
,,68,Italian,Italian - 5 people,41.87194,12.56738,5 people at UIC speak Italian,,2,circle,#d50032,12,,black,,,,"12.56738,41.87194",,,,
,,68,,,#N/A,#N/A,,,2,square,#00b5e2,12,,black,,,,,,,,
,,69,Serbian,Serbian - 3 people,44.016521,21.005859,3 people at UIC speak Serbian,,2,circle,#d50032,12,,black,,,,"21.005859,44.016521",,,,
,,69,Spanish,Spanish - 40 people,36.999,-109.0452,40 people at UIC are learning Spanish,,2,square,#00b5e2,12,,black,,,,"-109.0452,36.999",,,,
,,70,Tamil,Tamil - 5 people,9.962764,79.16748,5 people at UIC speak Tamil,,2,circle,#d50032,12,,black,,,,"79.16748,9.962764",,,,
,,70,French,French - 75 people,48.856614,2.352222,75 people at UIC are learning French,,2,square,#00b5e2,12,,black,,,,"2.352222,48.856614",,,,
,,71,Arabic (Yemen),Arabic (Yemen) - 1 person,15.552727,48.516388,1 person at UIC speaks Arabic (Yemen),,2,circle,#d50032,12,,black,,,,"48.516388,15.552727",,,,
,,71,Spanish,Spanish - 40 people,36.999,-109.0452,40 people at UIC are learning Spanish,,2,square,#00b5e2,12,,black,,,,"-109.0452,36.999",,,,
,,72,,,#N/A,#N/A,,,2,circle,#d50032,12,,black,,,,,,,,
,,72,Spanish,Spanish - 40 people,36.999,-109.0452,40 people at UIC are learning Spanish,,2,square,#00b5e2,12,,black,,,,"-109.0452,36.999",,,,
,,73,Spanish (Mexico),Spanish (Mexico) - 32 people,23.634501,-102.552784,32 people at UIC speak Spanish (Mexico),,2,circle,#d50032,12,,black,,,,"-102.552784,23.634501",,,,
,,73,French,French - 75 people,48.856614,2.352222,75 people at UIC are learning French,,2,square,#00b5e2,12,,black,,,,"2.352222,48.856614",,,,
,,74,Spanish (Mexico),Spanish (Mexico) - 32 people,23.634501,-102.552784,32 people at UIC speak Spanish (Mexico),,2,circle,#d50032,12,,black,,,,"-102.552784,23.634501",,,,
,,74,French,French - 75 people,48.856614,2.352222,75 people at UIC are learning French,,2,square,#00b5e2,12,,black,,,,"2.352222,48.856614",,,,
,,75,Tagalog,Tagalog - 9 people,12.879721,121.774017,9 people at UIC speak Tagalog,,2,circle,#d50032,12,,black,,,,"121.774017,12.879721",,,,
,,75,French,French - 75 people,48.856614,2.352222,75 people at UIC are learning French,,2,square,#00b5e2,12,,black,,,,"2.352222,48.856614",,,,
,,76,Spanish (Mexico),Spanish (Mexico) - 32 people,23.634501,-102.552784,32 people at UIC speak Spanish (Mexico),,2,circle,#d50032,12,,black,,,,"-102.552784,23.634501",,,,
,,76,French,French - 75 people,48.856614,2.352222,75 people at UIC are learning French,,2,square,#00b5e2,12,,black,,,,"2.352222,48.856614",,,,
,,77,Spanish (Mexico),Spanish (Mexico) - 32 people,23.634501,-102.552784,32 people at UIC speak Spanish (Mexico),,2,circle,#d50032,12,,black,,,,"-102.552784,23.634501",,,,
,,77,French,French - 75 people,48.856614,2.352222,75 people at UIC are learning French,,2,square,#00b5e2,12,,black,,,,"2.352222,48.856614",,,,
,,78,English,English - 6 people,#N/A,#N/A,6 people at UIC speak English,,2,circle,#d50032,12,,black,,,,,,,,
,,78,French,French - 75 people,48.856614,2.352222,75 people at UIC are learning French,,2,square,#00b5e2,12,,black,,,,"2.352222,48.856614",,,,
,,79,Spanish (Ecuador),Spanish (Ecuador) - 3 people,-1.831239,-78.183406,3 people at UIC speak Spanish (Ecuador),,2,circle,#d50032,12,,black,,,,"-78.183406,-1.831239",,,,
,,79,French,French - 75 people,48.856614,2.352222,75 people at UIC are learning French,,2,square,#00b5e2,12,,black,,,,"2.352222,48.856614",,,,
,,80,,,#N/A,#N/A,,,2,circle,#d50032,12,,black,,,,,,,,
,,80,French,French - 75 people,48.856614,2.352222,75 people at UIC are learning French,,2,square,#00b5e2,12,,black,,,,"2.352222,48.856614",,,,
,,81,Spanish (Mexico),Spanish (Mexico) - 32 people,23.634501,-102.552784,32 people at UIC speak Spanish (Mexico),,2,circle,#d50032,12,,black,,,,"-102.552784,23.634501",,,,
,,81,Russian,Russian - 6 people,63.57301,88.59375,6 people at UIC are learning Russian,,2,square,#00b5e2,12,,black,,,,"88.59375,63.57301",,,,
,,82,French (France),French (France) - 4 people,46.227638,2.213749,4 people at UIC speak French (France),,2,circle,#d50032,12,,black,,,,"2.213749,46.227638",,,,
,,82,German,German - 14 people,48.790447,11.497889,14 people at UIC are learning German,,2,square,#00b5e2,12,,black,,,,"11.497889,48.790447",,,,
,,83,Kannada,Kannada - 1 person,15.317277,75.713889,1 person at UIC speaks Kannada,,2,circle,#d50032,12,,black,,,,"75.713889,15.317277",,,,
,,83,French,French - 75 people,48.856614,2.352222,75 people at UIC are learning French,,2,square,#00b5e2,12,,black,,,,"2.352222,48.856614",,,,
,,84,French (Central Africa),French (Central Africa) - 1 person,2.318462,19.56871,1 person at UIC speaks French (Central Africa),,2,circle,#d50032,12,,black,,,,"19.56871,2.318462",,,,
,,84,,,#N/A,#N/A,,,2,square,#00b5e2,12,,black,,,,,,,,
,,85,Yoruba,Yoruba - 2 people,7.835493,3.999023,2 people at UIC speak Yoruba,,2,circle,#d50032,12,,black,,,,"3.999023,7.835493",,,,
,,85,French,French - 75 people,48.856614,2.352222,75 people at UIC are learning French,,2,square,#00b5e2,12,,black,,,,"2.352222,48.856614",,,,
,,86,,,#N/A,#N/A,,,2,circle,#d50032,12,,black,,,,,,,,
,,86,Italian,Italian - 7 people,43.614702,12.128906,7 people at UIC are learning Italian,,2,square,#00b5e2,12,,black,,,,"12.128906,43.614702",,,,
,,87,,,#N/A,#N/A,,,2,circle,#d50032,12,,black,,,,,,,,
,,87,French,French - 75 people,48.856614,2.352222,75 people at UIC are learning French,,2,square,#00b5e2,12,,black,,,,"2.352222,48.856614",,,,
,,88,Bulgarian,Bulgarian - 2 people,42.733883,25.48583,2 people at UIC speak Bulgarian,,2,circle,#d50032,12,,black,,,,"25.48583,42.733883",,,,
,,88,French,French - 75 people,48.856614,2.352222,75 people at UIC are learning French,,2,square,#00b5e2,12,,black,,,,"2.352222,48.856614",,,,
,,89,Macedonian,Macedonian - 3 people,41.608635,21.745275,3 people at UIC speak Macedonian,,2,circle,#d50032,12,,black,,,,"21.745275,41.608635",,,,
,,89,,,#N/A,#N/A,,,2,square,#00b5e2,12,,black,,,,,,,,
,,90,Albanian,Albanian - 4 people,41.153332,20.168331,4 people at UIC speak Albanian,,2,circle,#d50032,12,,black,,,,"20.168331,41.153332",,,,
,,90,Spanish,Spanish - 40 people,36.999,-109.0452,40 people at UIC are learning Spanish,,2,square,#00b5e2,12,,black,,,,"-109.0452,36.999",,,,
,,91,Bengali (Bangladesh),Bengali (Bangladesh) - 1 person,23.684994,90.356331,1 person at UIC speaks Bengali (Bangladesh),,2,circle,#d50032,12,,black,,,,"90.356331,23.684994",,,,
,,91,French,French - 75 people,48.856614,2.352222,75 people at UIC are learning French,,2,square,#00b5e2,12,,black,,,,"2.352222,48.856614",,,,
,,92,,,#N/A,#N/A,,,2,circle,#d50032,12,,black,,,,,,,,
,,92,German,German - 14 people,48.790447,11.497889,14 people at UIC are learning German,,2,square,#00b5e2,12,,black,,,,"11.497889,48.790447",,,,
,,93,Albanian,Albanian - 4 people,41.153332,20.168331,4 people at UIC speak Albanian,,2,circle,#d50032,12,,black,,,,"20.168331,41.153332",,,,
,,93,Spanish,Spanish - 40 people,36.999,-109.0452,40 people at UIC are learning Spanish,,2,square,#00b5e2,12,,black,,,,"-109.0452,36.999",,,,
,,94,Italian,Italian - 5 people,41.87194,12.56738,5 people at UIC speak Italian,,2,circle,#d50032,12,,black,,,,"12.56738,41.87194",,,,
,,94,Italian,Italian - 7 people,43.614702,12.128906,7 people at UIC are learning Italian,,2,square,#00b5e2,12,,black,,,,"12.128906,43.614702",,,,
,,95,Italian,Italian - 5 people,41.87194,12.56738,5 people at UIC speak Italian,,2,circle,#d50032,12,,black,,,,"12.56738,41.87194",,,,
,,95,,,#N/A,#N/A,,,2,square,#00b5e2,12,,black,,,,,,,,
,,96,Spanish (Mexico),Spanish (Mexico) - 32 people,23.634501,-102.552784,32 people at UIC speak Spanish (Mexico),,2,circle,#d50032,12,,black,,,,"-102.552784,23.634501",,,,
,,96,,,#N/A,#N/A,,,2,square,#00b5e2,12,,black,,,,,,,,
,,97,Lithuanian,Lithuanian - 1 person,55.169438,23.881275,1 person at UIC speaks Lithuanian,,2,circle,#d50032,12,,black,,,,"23.881275,55.169438",,,,
,,97,Portuguese,Portuguese - 5 people,-16.609874,-50.976563,5 people at UIC are learning Portuguese,,2,square,#00b5e2,12,,black,,,,"-50.976563,-16.609874",,,,
,,98,Polish,Polish - 4 people,51.919438,19.145136,4 people at UIC speak Polish,,2,circle,#d50032,12,,black,,,,"19.145136,51.919438",,,,
,,98,Spanish,Spanish - 40 people,36.999,-109.0452,40 people at UIC are learning Spanish,,2,square,#00b5e2,12,,black,,,,"-109.0452,36.999",,,,
,,99,Spanish (Mexico),Spanish (Mexico) - 32 people,23.634501,-102.552784,32 people at UIC speak Spanish (Mexico),,2,circle,#d50032,12,,black,,,,"-102.552784,23.634501",,,,
,,99,Latin,Latin - 1 person,41.902916,12.453389,1 person at UIC is learning Latin,,2,square,#00b5e2,12,,black,,,,"12.453389,41.902916",,,,
,,100,,,#N/A,#N/A,,,2,circle,#d50032,12,,black,,,,,,,,
,,100,Italian,Italian - 7 people,43.614702,12.128906,7 people at UIC are learning Italian,,2,square,#00b5e2,12,,black,,,,"12.128906,43.614702",,,,
,,101,,,#N/A,#N/A,,,2,circle,#d50032,12,,black,,,,,,,,
,,101,German,German - 14 people,48.790447,11.497889,14 people at UIC are learning German,,2,square,#00b5e2,12,,black,,,,"11.497889,48.790447",,,,
,,102,Cantonese (Hong Kong),Cantonese (Hong Kong) - 1 person,22.421006,114.029846,1 person at UIC speaks Cantonese (Hong Kong),,2,circle,#d50032,12,,black,,,,"114.029846,22.421006",,,,
,,102,,,#N/A,#N/A,,,2,square,#00b5e2,12,,black,,,,,,,,
,,103,Russian (Russia),Russian (Russia) - 5 people,61.52401,105.318756,5 people at UIC speak Russian (Russia),,2,circle,#d50032,12,,black,,,,"105.318756,61.52401",,,,
,,103,Polish,Polish - 3 people,52.229676,21.012229,3 people at UIC are learning Polish,,2,square,#00b5e2,12,,black,,,,"21.012229,52.229676",,,,
,,104,,,#N/A,#N/A,,,2,circle,#d50032,12,,black,,,,,,,,
,,104,Spanish,Spanish - 40 people,36.999,-109.0452,40 people at UIC are learning Spanish,,2,square,#00b5e2,12,,black,,,,"-109.0452,36.999",,,,
,,105,Tamil,Tamil - 5 people,9.962764,79.16748,5 people at UIC speak Tamil,,2,circle,#d50032,12,,black,,,,"79.16748,9.962764",,,,
,,105,Spanish,Spanish - 40 people,36.999,-109.0452,40 people at UIC are learning Spanish,,2,square,#00b5e2,12,,black,,,,"-109.0452,36.999",,,,
,,106,Gujarati,Gujarati - 5 people,22.258652,71.192381,5 people at UIC speak Gujarati,,2,circle,#d50032,12,,black,,,,"71.192381,22.258652",,,,
,,106,,,#N/A,#N/A,,,2,square,#00b5e2,12,,black,,,,,,,,
,,107,Tamil,Tamil - 5 people,9.962764,79.16748,5 people at UIC speak Tamil,,2,circle,#d50032,12,,black,,,,"79.16748,9.962764",,,,
,,107,Chinese,Chinese - 3 people,39.904211,116.407395,3 people at UIC are learning Chinese,,2,square,#00b5e2,12,,black,,,,"116.407395,39.904211",,,,
,,108,Marathi,Marathi - 2 people,19.75148,75.713888,2 people at UIC speak Marathi,,2,circle,#d50032,12,,black,,,,"75.713888,19.75148",,,,
,,108,Spanish,Spanish - 40 people,36.999,-109.0452,40 people at UIC are learning Spanish,,2,square,#00b5e2,12,,black,,,,"-109.0452,36.999",,,,
,,109,Mandarin (Mainland China),Mandarin (Mainland China) - 4 people,35.86166,104.195397,4 people at UIC speak Mandarin (Mainland China),,2,circle,#d50032,12,,black,,,,"104.195397,35.86166",,,,
,,109,,,#N/A,#N/A,,,2,square,#00b5e2,12,,black,,,,,,,,
,,110,Polish,Polish - 4 people,51.919438,19.145136,4 people at UIC speak Polish,,2,circle,#d50032,12,,black,,,,"19.145136,51.919438",,,,
,,110,German,German - 14 people,48.790447,11.497889,14 people at UIC are learning German,,2,square,#00b5e2,12,,black,,,,"11.497889,48.790447",,,,
,,111,Marathi,Marathi - 2 people,19.75148,75.713888,2 people at UIC speak Marathi,,2,circle,#d50032,12,,black,,,,"75.713888,19.75148",,,,
,,111,Korean,Korean - 1 person,37.566535,126.977969,1 person at UIC is learning Korean,,2,square,#00b5e2,12,,black,,,,"126.977969,37.566535",,,,
,,112,Dutch (Netherlands),Dutch (Netherlands) - 1 person,52.132633,5.291266,1 person at UIC speaks Dutch (Netherlands),,2,circle,#d50032,12,,black,,,,"5.291266,52.132633",,,,
,,112,,,#N/A,#N/A,,,2,square,#00b5e2,12,,black,,,,,,,,
,,113,Portuguese (Brazil),Portuguese (Brazil) - 2 people,-14.235004,-51.92528,2 people at UIC speak Portuguese (Brazil),,2,circle,#d50032,12,,black,,,,"-51.92528,-14.235004",,,,
,,113,Spanish,Spanish - 40 people,36.999,-109.0452,40 people at UIC are learning Spanish,,2,square,#00b5e2,12,,black,,,,"-109.0452,36.999",,,,
,,114,Spanish (Colombia),Spanish (Colombia) - 2 people,4.570868,-74.297333,2 people at UIC speak Spanish (Colombia),,2,circle,#d50032,12,,black,,,,"-74.297333,4.570868",,,,
,,114,French,French - 75 people,48.856614,2.352222,75 people at UIC are learning French,,2,square,#00b5e2,12,,black,,,,"2.352222,48.856614",,,,
,,115,Portuguese (Brazil),Portuguese (Brazil) - 2 people,-14.235004,-51.92528,2 people at UIC speak Portuguese (Brazil),,2,circle,#d50032,12,,black,,,,"-51.92528,-14.235004",,,,
,,115,Spanish,Spanish - 40 people,36.999,-109.0452,40 people at UIC are learning Spanish,,2,square,#00b5e2,12,,black,,,,"-109.0452,36.999",,,,
,,116,Igbo,Igbo - 2 people,5.712843,7.119141,2 people at UIC speak Igbo,,2,circle,#d50032,12,,black,,,,"7.119141,5.712843",,,,
,,116,Spanish,Spanish - 40 people,36.999,-109.0452,40 people at UIC are learning Spanish,,2,square,#00b5e2,12,,black,,,,"-109.0452,36.999",,,,
,,117,Italian,Italian - 5 people,41.87194,12.56738,5 people at UIC speak Italian,,2,circle,#d50032,12,,black,,,,"12.56738,41.87194",,,,
,,117,,,#N/A,#N/A,,,2,square,#00b5e2,12,,black,,,,,,,,
,,118,Tagalog,Tagalog - 9 people,12.879721,121.774017,9 people at UIC speak Tagalog,,2,circle,#d50032,12,,black,,,,"121.774017,12.879721",,,,
,,118,,,#N/A,#N/A,,,2,square,#00b5e2,12,,black,,,,,,,,
,,119,,,#N/A,#N/A,,,2,circle,#d50032,12,,black,,,,,,,,
,,119,French,French - 75 people,48.856614,2.352222,75 people at UIC are learning French,,2,square,#00b5e2,12,,black,,,,"2.352222,48.856614",,,,
,,120,Mongolian,Mongolian - 1 person,46.862496,103.846656,1 person at UIC speaks Mongolian,,2,circle,#d50032,12,,black,,,,"103.846656,46.862496",,,,
,,120,French,French - 75 people,48.856614,2.352222,75 people at UIC are learning French,,2,square,#00b5e2,12,,black,,,,"2.352222,48.856614",,,,
,,121,Spanish (Mexico),Spanish (Mexico) - 32 people,23.634501,-102.552784,32 people at UIC speak Spanish (Mexico),,2,circle,#d50032,12,,black,,,,"-102.552784,23.634501",,,,
,,121,French,French - 75 people,48.856614,2.352222,75 people at UIC are learning French,,2,square,#00b5e2,12,,black,,,,"2.352222,48.856614",,,,
,,122,Spanish (Mexico),Spanish (Mexico) - 32 people,23.634501,-102.552784,32 people at UIC speak Spanish (Mexico),,2,circle,#d50032,12,,black,,,,"-102.552784,23.634501",,,,
,,122,French,French - 75 people,48.856614,2.352222,75 people at UIC are learning French,,2,square,#00b5e2,12,,black,,,,"2.352222,48.856614",,,,
,,123,,,#N/A,#N/A,,,2,circle,#d50032,12,,black,,,,,,,,
,,123,French,French - 75 people,48.856614,2.352222,75 people at UIC are learning French,,2,square,#00b5e2,12,,black,,,,"2.352222,48.856614",,,,
,,124,,,#N/A,#N/A,,,2,circle,#d50032,12,,black,,,,,,,,
,,124,French,French - 75 people,48.856614,2.352222,75 people at UIC are learning French,,2,square,#00b5e2,12,,black,,,,"2.352222,48.856614",,,,
,,125,Spanish (Dominican Republic),Spanish (Dominican Republic) - 1 person,18.735693,-70.162651,1 person at UIC speaks Spanish (Dominican Republic),,2,circle,#d50032,12,,black,,,,"-70.162651,18.735693",,,,
,,125,French,French - 75 people,48.856614,2.352222,75 people at UIC are learning French,,2,square,#00b5e2,12,,black,,,,"2.352222,48.856614",,,,
,,126,,,#N/A,#N/A,,,2,circle,#d50032,12,,black,,,,,,,,
,,126,French,French - 75 people,48.856614,2.352222,75 people at UIC are learning French,,2,square,#00b5e2,12,,black,,,,"2.352222,48.856614",,,,
,,127,Spanish (Ecuador),Spanish (Ecuador) - 3 people,-1.831239,-78.183406,3 people at UIC speak Spanish (Ecuador),,2,circle,#d50032,12,,black,,,,"-78.183406,-1.831239",,,,
,,127,French,French - 75 people,48.856614,2.352222,75 people at UIC are learning French,,2,square,#00b5e2,12,,black,,,,"2.352222,48.856614",,,,
,,128,,,#N/A,#N/A,,,2,circle,#d50032,12,,black,,,,,,,,
,,128,French,French - 75 people,48.856614,2.352222,75 people at UIC are learning French,,2,square,#00b5e2,12,,black,,,,"2.352222,48.856614",,,,
,,129,Urdu,Urdu - 6 people,24.824132,76.816406,6 people at UIC speak Urdu,,2,circle,#d50032,12,,black,,,,"76.816406,24.824132",,,,
,,129,French,French - 75 people,48.856614,2.352222,75 people at UIC are learning French,,2,square,#00b5e2,12,,black,,,,"2.352222,48.856614",,,,
,,130,Spanish (Guatemala),Spanish (Guatemala) - 1 person,15.783471,-90.230759,1 person at UIC speaks Spanish (Guatemala),,2,circle,#d50032,12,,black,,,,"-90.230759,15.783471",,,,
,,130,French,French - 75 people,48.856614,2.352222,75 people at UIC are learning French,,2,square,#00b5e2,12,,black,,,,"2.352222,48.856614",,,,
,,131,Spanish (Mexico),Spanish (Mexico) - 32 people,23.634501,-102.552784,32 people at UIC speak Spanish (Mexico),,2,circle,#d50032,12,,black,,,,"-102.552784,23.634501",,,,
,,131,French,French - 75 people,48.856614,2.352222,75 people at UIC are learning French,,2,square,#00b5e2,12,,black,,,,"2.352222,48.856614",,,,
,,132,French (France),French (France) - 4 people,46.227638,2.213749,4 people at UIC speak French (France),,2,circle,#d50032,12,,black,,,,"2.213749,46.227638",,,,
,,132,French,French - 75 people,48.856614,2.352222,75 people at UIC are learning French,,2,square,#00b5e2,12,,black,,,,"2.352222,48.856614",,,,
,,133,Igbo,Igbo - 2 people,5.712843,7.119141,2 people at UIC speak Igbo,,2,circle,#d50032,12,,black,,,,"7.119141,5.712843",,,,
,,133,French,French - 75 people,48.856614,2.352222,75 people at UIC are learning French,,2,square,#00b5e2,12,,black,,,,"2.352222,48.856614",,,,
,,134,American English,American English - 1 person,#N/A,#N/A,1 person at UIC speaks American English,,2,circle,#d50032,12,,black,,,,,,,,
,,134,French,French - 75 people,48.856614,2.352222,75 people at UIC are learning French,,2,square,#00b5e2,12,,black,,,,"2.352222,48.856614",,,,
,,135,Russian (Belarus),Russian (Belarus) - 1 person,55.074829,30.058594,1 person at UIC speaks Russian (Belarus),,2,circle,#d50032,12,,black,,,,"30.058594,55.074829",,,,
,,135,French,French - 75 people,48.856614,2.352222,75 people at UIC are learning French,,2,square,#00b5e2,12,,black,,,,"2.352222,48.856614",,,,
,,136,,,#N/A,#N/A,,,2,circle,#d50032,12,,black,,,,,,,,
,,136,French,French - 75 people,48.856614,2.352222,75 people at UIC are learning French,,2,square,#00b5e2,12,,black,,,,"2.352222,48.856614",,,,
,,137,,,#N/A,#N/A,,,2,circle,#d50032,12,,black,,,,,,,,
,,137,French,French - 75 people,48.856614,2.352222,75 people at UIC are learning French,,2,square,#00b5e2,12,,black,,,,"2.352222,48.856614",,,,
,,138,Spanish (Mexico),Spanish (Mexico) - 32 people,23.634501,-102.552784,32 people at UIC speak Spanish (Mexico),,2,circle,#d50032,12,,black,,,,"-102.552784,23.634501",,,,
,,138,French,French - 75 people,48.856614,2.352222,75 people at UIC are learning French,,2,square,#00b5e2,12,,black,,,,"2.352222,48.856614",,,,
,,139,Spanish (Mexico),Spanish (Mexico) - 32 people,23.634501,-102.552784,32 people at UIC speak Spanish (Mexico),,2,circle,#d50032,12,,black,,,,"-102.552784,23.634501",,,,
,,139,French,French - 75 people,48.856614,2.352222,75 people at UIC are learning French,,2,square,#00b5e2,12,,black,,,,"2.352222,48.856614",,,,
,,140,English,English - 6 people,#N/A,#N/A,6 people at UIC speak English,,2,circle,#d50032,12,,black,,,,,,,,
,,140,English,English - 1 person,#N/A,#N/A,1 person at UIC is learning English,,2,square,#00b5e2,12,,black,,,,,,,,
,,141,,,#N/A,#N/A,,,2,circle,#d50032,12,,black,,,,,,,,
,,141,French,French - 75 people,48.856614,2.352222,75 people at UIC are learning French,,2,square,#00b5e2,12,,black,,,,"2.352222,48.856614",,,,
,,142,,,#N/A,#N/A,,,2,circle,#d50032,12,,black,,,,,,,,
,,142,French,French - 75 people,48.856614,2.352222,75 people at UIC are learning French,,2,square,#00b5e2,12,,black,,,,"2.352222,48.856614",,,,
,,143,Urdu,Urdu - 6 people,24.824132,76.816406,6 people at UIC speak Urdu,,2,circle,#d50032,12,,black,,,,"76.816406,24.824132",,,,
,,143,French,French - 75 people,48.856614,2.352222,75 people at UIC are learning French,,2,square,#00b5e2,12,,black,,,,"2.352222,48.856614",,,,
,,144,English,English - 6 people,#N/A,#N/A,6 people at UIC speak English,,2,circle,#d50032,12,,black,,,,,,,,
,,144,French,French - 75 people,48.856614,2.352222,75 people at UIC are learning French,,2,square,#00b5e2,12,,black,,,,"2.352222,48.856614",,,,
,,145,,,#N/A,#N/A,,,2,circle,#d50032,12,,black,,,,,,,,
,,145,French,French - 75 people,48.856614,2.352222,75 people at UIC are learning French,,2,square,#00b5e2,12,,black,,,,"2.352222,48.856614",,,,
,,146,Ukrainian,Ukrainian - 2 people,50.4501,30.5234,2 people at UIC speak Ukrainian,,2,circle,#d50032,12,,black,,,,"30.5234,50.4501",,,,
,,146,Italian,Italian - 7 people,43.614702,12.128906,7 people at UIC are learning Italian,,2,square,#00b5e2,12,,black,,,,"12.128906,43.614702",,,,
,,147,,,#N/A,#N/A,,,2,circle,#d50032,12,,black,,,,,,,,
,,147,Polish,Polish - 3 people,52.229676,21.012229,3 people at UIC are learning Polish,,2,square,#00b5e2,12,,black,,,,"21.012229,52.229676",,,,
,,148,,,#N/A,#N/A,,,2,circle,#d50032,12,,black,,,,,,,,
,,148,Russian,Russian - 6 people,63.57301,88.59375,6 people at UIC are learning Russian,,2,square,#00b5e2,12,,black,,,,"88.59375,63.57301",,,,
,,149,Spanish (Mexico),Spanish (Mexico) - 32 people,23.634501,-102.552784,32 people at UIC speak Spanish (Mexico),,2,circle,#d50032,12,,black,,,,"-102.552784,23.634501",,,,
,,149,French,French - 75 people,48.856614,2.352222,75 people at UIC are learning French,,2,square,#00b5e2,12,,black,,,,"2.352222,48.856614",,,,
,,150,Yoruba,Yoruba - 2 people,7.835493,3.999023,2 people at UIC speak Yoruba,,2,circle,#d50032,12,,black,,,,"3.999023,7.835493",,,,
,,150,French,French - 75 people,48.856614,2.352222,75 people at UIC are learning French,,2,square,#00b5e2,12,,black,,,,"2.352222,48.856614",,,,
,,151,Spanish (El Salvador),Spanish (El Salvador) - 1 person,13.794185,-88.89653,1 person at UIC speaks Spanish (El Salvador),,2,circle,#d50032,12,,black,,,,"-88.89653,13.794185",,,,
,,151,Portuguese,Portuguese - 5 people,-16.609874,-50.976563,5 people at UIC are learning Portuguese,,2,square,#00b5e2,12,,black,,,,"-50.976563,-16.609874",,,,
,,152,Arabic (Palestine),Arabic (Palestine) - 1 person,31.952162,35.233154,1 person at UIC speaks Arabic (Palestine),,2,circle,#d50032,12,,black,,,,"35.233154,31.952162",,,,
,,152,Russian,Russian - 6 people,63.57301,88.59375,6 people at UIC are learning Russian,,2,square,#00b5e2,12,,black,,,,"88.59375,63.57301",,,,
,,153,,,#N/A,#N/A,,,2,circle,#d50032,12,,black,,,,,,,,
,,153,Tajiki (Tajikistan),Tajiki (Tajikistan) - 1 person,38.55,68.8,1 person at UIC is learning Tajiki (Tajikistan),,2,square,#00b5e2,12,,black,,,,"68.8,38.55",,,,
,,154,Spanish (Mexico),Spanish (Mexico) - 32 people,23.634501,-102.552784,32 people at UIC speak Spanish (Mexico),,2,circle,#d50032,12,,black,,,,"-102.552784,23.634501",,,,
,,154,French,French - 75 people,48.856614,2.352222,75 people at UIC are learning French,,2,square,#00b5e2,12,,black,,,,"2.352222,48.856614",,,,
,,155,Russian (Russia),Russian (Russia) - 5 people,61.52401,105.318756,5 people at UIC speak Russian (Russia),,2,circle,#d50032,12,,black,,,,"105.318756,61.52401",,,,
,,155,French,French - 75 people,48.856614,2.352222,75 people at UIC are learning French,,2,square,#00b5e2,12,,black,,,,"2.352222,48.856614",,,,
,,156,,,#N/A,#N/A,,,2,circle,#d50032,12,,black,,,,,,,,
,,156,French,French - 75 people,48.856614,2.352222,75 people at UIC are learning French,,2,square,#00b5e2,12,,black,,,,"2.352222,48.856614",,,,
,,157,Spanish (Mexico),Spanish (Mexico) - 32 people,23.634501,-102.552784,32 people at UIC speak Spanish (Mexico),,2,circle,#d50032,12,,black,,,,"-102.552784,23.634501",,,,
,,157,French,French - 75 people,48.856614,2.352222,75 people at UIC are learning French,,2,square,#00b5e2,12,,black,,,,"2.352222,48.856614",,,,
,,158,Tagalog,Tagalog - 9 people,12.879721,121.774017,9 people at UIC speak Tagalog,,2,circle,#d50032,12,,black,,,,"121.774017,12.879721",,,,
,,158,French,French - 75 people,48.856614,2.352222,75 people at UIC are learning French,,2,square,#00b5e2,12,,black,,,,"2.352222,48.856614",,,,
,,159,English,English - 6 people,#N/A,#N/A,6 people at UIC speak English,,2,circle,#d50032,12,,black,,,,,,,,
,,159,French,French - 75 people,48.856614,2.352222,75 people at UIC are learning French,,2,square,#00b5e2,12,,black,,,,"2.352222,48.856614",,,,
,,160,Spanish (Mexico),Spanish (Mexico) - 32 people,23.634501,-102.552784,32 people at UIC speak Spanish (Mexico),,2,circle,#d50032,12,,black,,,,"-102.552784,23.634501",,,,
,,160,French,French - 75 people,48.856614,2.352222,75 people at UIC are learning French,,2,square,#00b5e2,12,,black,,,,"2.352222,48.856614",,,,
,,161,English,English - 6 people,#N/A,#N/A,6 people at UIC speak English,,2,circle,#d50032,12,,black,,,,,,,,
,,161,French,French - 75 people,48.856614,2.352222,75 people at UIC are learning French,,2,square,#00b5e2,12,,black,,,,"2.352222,48.856614",,,,
,,162,Bulgarian,Bulgarian - 2 people,42.733883,25.48583,2 people at UIC speak Bulgarian,,2,circle,#d50032,12,,black,,,,"25.48583,42.733883",,,,
,,162,French,French - 75 people,48.856614,2.352222,75 people at UIC are learning French,,2,square,#00b5e2,12,,black,,,,"2.352222,48.856614",,,,
,,163,Urdu,Urdu - 6 people,24.824132,76.816406,6 people at UIC speak Urdu,,2,circle,#d50032,12,,black,,,,"76.816406,24.824132",,,,
,,163,French,French - 75 people,48.856614,2.352222,75 people at UIC are learning French,,2,square,#00b5e2,12,,black,,,,"2.352222,48.856614",,,,
,,164,Telugu,Telugu - 5 people,16.570061,79.573975,5 people at UIC speak Telugu,,2,circle,#d50032,12,,black,,,,"79.573975,16.570061",,,,
,,164,French,French - 75 people,48.856614,2.352222,75 people at UIC are learning French,,2,square,#00b5e2,12,,black,,,,"2.352222,48.856614",,,,
,,165,Arabic (Jordan),Arabic (Jordan) - 1 person,30.585164,36.238414,1 person at UIC speaks Arabic (Jordan),,2,circle,#d50032,12,,black,,,,"36.238414,30.585164",,,,
,,165,French,French - 75 people,48.856614,2.352222,75 people at UIC are learning French,,2,square,#00b5e2,12,,black,,,,"2.352222,48.856614",,,,
,,166,Korean,Korean - 2 people,35.866667,128.6,2 people at UIC speak Korean,,2,circle,#d50032,12,,black,,,,"128.6,35.866667",,,,
,,166,French,French - 75 people,48.856614,2.352222,75 people at UIC are learning French,,2,square,#00b5e2,12,,black,,,,"2.352222,48.856614",,,,
,,167,Spanish (Mexico),Spanish (Mexico) - 32 people,23.634501,-102.552784,32 people at UIC speak Spanish (Mexico),,2,circle,#d50032,12,,black,,,,"-102.552784,23.634501",,,,
,,167,French,French - 75 people,48.856614,2.352222,75 people at UIC are learning French,,2,square,#00b5e2,12,,black,,,,"2.352222,48.856614",,,,
,,168,Spanish (Mexico),Spanish (Mexico) - 32 people,23.634501,-102.552784,32 people at UIC speak Spanish (Mexico),,2,circle,#d50032,12,,black,,,,"-102.552784,23.634501",,,,
,,168,French,French - 75 people,48.856614,2.352222,75 people at UIC are learning French,,2,square,#00b5e2,12,,black,,,,"2.352222,48.856614",,,,
,,169,Creole (Haiti),Creole (Haiti) - 1 person,19,-72.333333,1 person at UIC speaks Creole (Haiti),,2,circle,#d50032,12,,black,,,,"-72.333333,19",,,,
,,169,French,French - 75 people,48.856614,2.352222,75 people at UIC are learning French,,2,square,#00b5e2,12,,black,,,,"2.352222,48.856614",,,,
,,170,Hiligaynon,Hiligaynon - 1 person,10.58,122.58,1 person at UIC speaks Hiligaynon,,2,circle,#d50032,12,,black,,,,"122.58,10.58",,,,
,,170,French,French - 75 people,48.856614,2.352222,75 people at UIC are learning French,,2,square,#00b5e2,12,,black,,,,"2.352222,48.856614",,,,
,,171,Mandarin (Mainland China),Mandarin (Mainland China) - 4 people,35.86166,104.195397,4 people at UIC speak Mandarin (Mainland China),,2,circle,#d50032,12,,black,,,,"104.195397,35.86166",,,,
,,171,,,#N/A,#N/A,,,2,square,#00b5e2,12,,black,,,,,,,,
,,172,Tagalog,Tagalog - 9 people,12.879721,121.774017,9 people at UIC speak Tagalog,,2,circle,#d50032,12,,black,,,,"121.774017,12.879721",,,,
,,172,Spanish,Spanish - 40 people,36.999,-109.0452,40 people at UIC are learning Spanish,,2,square,#00b5e2,12,,black,,,,"-109.0452,36.999",,,,
,,173,Telugu,Telugu - 5 people,16.570061,79.573975,5 people at UIC speak Telugu,,2,circle,#d50032,12,,black,,,,"79.573975,16.570061",,,,
,,173,Spanish,Spanish - 40 people,36.999,-109.0452,40 people at UIC are learning Spanish,,2,square,#00b5e2,12,,black,,,,"-109.0452,36.999",,,,
,,174,Mandarin (Mainland China),Mandarin (Mainland China) - 4 people,35.86166,104.195397,4 people at UIC speak Mandarin (Mainland China),,2,circle,#d50032,12,,black,,,,"104.195397,35.86166",,,,
,,174,,,#N/A,#N/A,,,2,square,#00b5e2,12,,black,,,,,,,,
,,175,Telugu,Telugu - 5 people,16.570061,79.573975,5 people at UIC speak Telugu,,2,circle,#d50032,12,,black,,,,"79.573975,16.570061",,,,
,,175,,,#N/A,#N/A,,,2,square,#00b5e2,12,,black,,,,,,,,
,,176,Spanish (Puerto Rico),Spanish (Puerto Rico) - 5 people,18.220833,-66.590149,5 people at UIC speak Spanish (Puerto Rico),,2,circle,#d50032,12,,black,,,,"-66.590149,18.220833",,,,
,,176,,,#N/A,#N/A,,,2,square,#00b5e2,12,,black,,,,,,,,
,,177,,,#N/A,#N/A,,,2,circle,#d50032,12,,black,,,,,,,,
,,177,Greek,Greek - 1 person,40.080698,22.236328,1 person at UIC is learning Greek,,2,square,#00b5e2,12,,black,,,,"22.236328,40.080698",,,,
,,178,Spanish (Spain),Spanish (Spain) - 3 people,40.463667,-3.74922,3 people at UIC speak Spanish (Spain),,2,circle,#d50032,12,,black,,,,"-3.74922,40.463667",,,,
,,178,French,French - 75 people,48.856614,2.352222,75 people at UIC are learning French,,2,square,#00b5e2,12,,black,,,,"2.352222,48.856614",,,,
,,179,Farsi/Persian,Farsi/Persian - 2 people,32.427908,53.688046,2 people at UIC speak Farsi/Persian,,2,circle,#d50032,12,,black,,,,"53.688046,32.427908",,,,
,,179,,,#N/A,#N/A,,,2,square,#00b5e2,12,,black,,,,,,,,
,,180,Hebrew,Hebrew - 5 people,30.246908,34.892578,5 people at UIC speak Hebrew,,2,circle,#d50032,12,,black,,,,"34.892578,30.246908",,,,
,,180,Spanish,Spanish - 40 people,36.999,-109.0452,40 people at UIC are learning Spanish,,2,square,#00b5e2,12,,black,,,,"-109.0452,36.999",,,,
,,181,Tamil,Tamil - 5 people,9.962764,79.16748,5 people at UIC speak Tamil,,2,circle,#d50032,12,,black,,,,"79.16748,9.962764",,,,
,,181,,,#N/A,#N/A,,,2,square,#00b5e2,12,,black,,,,,,,,
,,182,Sinhala,Sinhala - 1 person,6.934,79.84,1 person at UIC speaks Sinhala,,2,circle,#d50032,12,,black,,,,"79.84,6.934",,,,
,,182,,,#N/A,#N/A,,,2,square,#00b5e2,12,,black,,,,,,,,
,,183,Japanese,Japanese - 3 people,34.693738,135.502165,3 people at UIC speak Japanese,,2,circle,#d50032,12,,black,,,,"135.502165,34.693738",,,,
,,183,German,German - 14 people,48.790447,11.497889,14 people at UIC are learning German,,2,square,#00b5e2,12,,black,,,,"11.497889,48.790447",,,,
,,184,Spanish (Mexico),Spanish (Mexico) - 32 people,23.634501,-102.552784,32 people at UIC speak Spanish (Mexico),,2,circle,#d50032,12,,black,,,,"-102.552784,23.634501",,,,
,,184,,,#N/A,#N/A,,,2,square,#00b5e2,12,,black,,,,,,,,
,,185,Tamil,Tamil - 5 people,9.962764,79.16748,5 people at UIC speak Tamil,,2,circle,#d50032,12,,black,,,,"79.16748,9.962764",,,,
,,185,French,French - 75 people,48.856614,2.352222,75 people at UIC are learning French,,2,square,#00b5e2,12,,black,,,,"2.352222,48.856614",,,,
,,186,Japanese,Japanese - 3 people,34.693738,135.502165,3 people at UIC speak Japanese,,2,circle,#d50032,12,,black,,,,"135.502165,34.693738",,,,
,,186,,,#N/A,#N/A,,,2,square,#00b5e2,12,,black,,,,,,,,
,,187,Gaelic (Irish),Gaelic (Irish) - 1 person,53.272,-9.049,1 person at UIC speaks Gaelic (Irish),,2,circle,#d50032,12,,black,,,,"-9.049,53.272",,,,
,,187,,,#N/A,#N/A,,,2,square,#00b5e2,12,,black,,,,,,,,
,,188,Gujarati,Gujarati - 5 people,22.258652,71.192381,5 people at UIC speak Gujarati,,2,circle,#d50032,12,,black,,,,"71.192381,22.258652",,,,
,,188,,,#N/A,#N/A,,,2,square,#00b5e2,12,,black,,,,,,,,
,,189,Hebrew,Hebrew - 5 people,30.246908,34.892578,5 people at UIC speak Hebrew,,2,circle,#d50032,12,,black,,,,"34.892578,30.246908",,,,
,,189,,,#N/A,#N/A,,,2,square,#00b5e2,12,,black,,,,,,,,
,,190,Arabic (Iraq),Arabic (Iraq) - 4 people,33.223191,43.679291,4 people at UIC speak Arabic (Iraq),,2,circle,#d50032,12,,black,,,,"43.679291,33.223191",,,,
,,190,Spanish,Spanish - 40 people,36.999,-109.0452,40 people at UIC are learning Spanish,,2,square,#00b5e2,12,,black,,,,"-109.0452,36.999",,,,
,,191,Spanish (Puerto Rico),Spanish (Puerto Rico) - 5 people,18.220833,-66.590149,5 people at UIC speak Spanish (Puerto Rico),,2,circle,#d50032,12,,black,,,,"-66.590149,18.220833",,,,
,,191,French,French - 75 people,48.856614,2.352222,75 people at UIC are learning French,,2,square,#00b5e2,12,,black,,,,"2.352222,48.856614",,,,
,,192,Russian (Russia),Russian (Russia) - 5 people,61.52401,105.318756,5 people at UIC speak Russian (Russia),,2,circle,#d50032,12,,black,,,,"105.318756,61.52401",,,,
,,192,German,German - 14 people,48.790447,11.497889,14 people at UIC are learning German,,2,square,#00b5e2,12,,black,,,,"11.497889,48.790447",,,,
,,193,Punjabi,Punjabi - 2 people,30.953469,74.509277,2 people at UIC speak Punjabi,,2,circle,#d50032,12,,black,,,,"74.509277,30.953469",,,,
,,193,Swahili,Swahili - 1 person,1.957709,37.297204,1 person at UIC is learning Swahili,,2,square,#00b5e2,12,,black,,,,"37.297204,1.957709",,,,
,,194,Macedonian,Macedonian - 3 people,41.608635,21.745275,3 people at UIC speak Macedonian,,2,circle,#d50032,12,,black,,,,"21.745275,41.608635",,,,
,,194,,,#N/A,#N/A,,,2,square,#00b5e2,12,,black,,,,,,,,
,,195,Macedonian,Macedonian - 3 people,41.608635,21.745275,3 people at UIC speak Macedonian,,2,circle,#d50032,12,,black,,,,"21.745275,41.608635",,,,
,,195,,,#N/A,#N/A,,,2,square,#00b5e2,12,,black,,,,,,,,
,,196,Spanish (Colombia),Spanish (Colombia) - 2 people,4.570868,-74.297333,2 people at UIC speak Spanish (Colombia),,2,circle,#d50032,12,,black,,,,"-74.297333,4.570868",,,,
,,196,Portuguese,Portuguese - 5 people,-16.609874,-50.976563,5 people at UIC are learning Portuguese,,2,square,#00b5e2,12,,black,,,,"-50.976563,-16.609874",,,,
,,197,Russian (Russia),Russian (Russia) - 5 people,61.52401,105.318756,5 people at UIC speak Russian (Russia),,2,circle,#d50032,12,,black,,,,"105.318756,61.52401",,,,
,,197,,,#N/A,#N/A,,,2,square,#00b5e2,12,,black,,,,,,,,
,,198,Gujarati,Gujarati - 5 people,22.258652,71.192381,5 people at UIC speak Gujarati,,2,circle,#d50032,12,,black,,,,"71.192381,22.258652",,,,
,,198,Spanish,Spanish - 40 people,36.999,-109.0452,40 people at UIC are learning Spanish,,2,square,#00b5e2,12,,black,,,,"-109.0452,36.999",,,,
,,199,Tagalog,Tagalog - 9 people,12.879721,121.774017,9 people at UIC speak Tagalog,,2,circle,#d50032,12,,black,,,,"121.774017,12.879721",,,,
,,199,,,#N/A,#N/A,,,2,square,#00b5e2,12,,black,,,,,,,,
,,200,Croatian,Croatian - 1 person,45.1,15.2,1 person at UIC speaks Croatian,,2,circle,#d50032,12,,black,,,,"15.2,45.1",,,,
,,200,,,#N/A,#N/A,,,2,square,#00b5e2,12,,black,,,,,,,,
,,201,German,German - 4 people,52.520007,13.404954,4 people at UIC speak German,,2,circle,#d50032,12,,black,,,,"13.404954,52.520007",,,,
,,201,,,#N/A,#N/A,,,2,square,#00b5e2,12,,black,,,,,,,,
,,202,Arabic (Iraq),Arabic (Iraq) - 4 people,33.223191,43.679291,4 people at UIC speak Arabic (Iraq),,2,circle,#d50032,12,,black,,,,"43.679291,33.223191",,,,
,,202,,,#N/A,#N/A,,,2,square,#00b5e2,12,,black,,,,,,,,
,,203,Urdu,Urdu - 6 people,24.824132,76.816406,6 people at UIC speak Urdu,,2,circle,#d50032,12,,black,,,,"76.816406,24.824132",,,,
,,203,,,#N/A,#N/A,,,2,square,#00b5e2,12,,black,,,,,,,,
,,204,Spanish (Mexico),Spanish (Mexico) - 32 people,23.634501,-102.552784,32 people at UIC speak Spanish (Mexico),,2,circle,#d50032,12,,black,,,,"-102.552784,23.634501",,,,
,,204,,,#N/A,#N/A,,,2,square,#00b5e2,12,,black,,,,,,,,
,,205,Hebrew,Hebrew - 5 people,30.246908,34.892578,5 people at UIC speak Hebrew,,2,circle,#d50032,12,,black,,,,"34.892578,30.246908",,,,
,,205,Spanish,Spanish - 40 people,36.999,-109.0452,40 people at UIC are learning Spanish,,2,square,#00b5e2,12,,black,,,,"-109.0452,36.999",,,,
,,206,Gujarati,Gujarati - 5 people,22.258652,71.192381,5 people at UIC speak Gujarati,,2,circle,#d50032,12,,black,,,,"71.192381,22.258652",,,,
,,206,Spanish,Spanish - 40 people,36.999,-109.0452,40 people at UIC are learning Spanish,,2,square,#00b5e2,12,,black,,,,"-109.0452,36.999",,,,
,,207,Spanish (Cuba),Spanish (Cuba) - 1 person,21.521757,-77.781167,1 person at UIC speaks Spanish (Cuba),,2,circle,#d50032,12,,black,,,,"-77.781167,21.521757",,,,
,,207,Polish,Polish - 3 people,52.229676,21.012229,3 people at UIC are learning Polish,,2,square,#00b5e2,12,,black,,,,"21.012229,52.229676",,,,
,,208,Gujarati,Gujarati - 5 people,22.258652,71.192381,5 people at UIC speak Gujarati,,2,circle,#d50032,12,,black,,,,"71.192381,22.258652",,,,
,,208,,,#N/A,#N/A,,,2,square,#00b5e2,12,,black,,,,,,,,
,,209,Albanian,Albanian - 4 people,41.153332,20.168331,4 people at UIC speak Albanian,,2,circle,#d50032,12,,black,,,,"20.168331,41.153332",,,,
,,209,German,German - 14 people,48.790447,11.497889,14 people at UIC are learning German,,2,square,#00b5e2,12,,black,,,,"11.497889,48.790447",,,,
,,210,Spanish (Mexico),Spanish (Mexico) - 32 people,23.634501,-102.552784,32 people at UIC speak Spanish (Mexico),,2,circle,#d50032,12,,black,,,,"-102.552784,23.634501",,,,
,,210,Italian,Italian - 7 people,43.614702,12.128906,7 people at UIC are learning Italian,,2,square,#00b5e2,12,,black,,,,"12.128906,43.614702",,,,
,,211,Cantonese (Guangdong Province),Cantonese (Guangdong Province) - 1 person,23.132191,113.266531,1 person at UIC speaks Cantonese (Guangdong Province),,2,circle,#d50032,12,,black,,,,"113.266531,23.132191",,,,
,,211,Japanese,Japanese - 3 people,38.164255,140.20752,3 people at UIC are learning Japanese,,2,square,#00b5e2,12,,black,,,,"140.20752,38.164255",,,,
,,212,Arabic (Iraq),Arabic (Iraq) - 4 people,33.223191,43.679291,4 people at UIC speak Arabic (Iraq),,2,circle,#d50032,12,,black,,,,"43.679291,33.223191",,,,
,,212,Spanish,Spanish - 40 people,36.999,-109.0452,40 people at UIC are learning Spanish,,2,square,#00b5e2,12,,black,,,,"-109.0452,36.999",,,,
,,213,Telugu,Telugu - 5 people,16.570061,79.573975,5 people at UIC speak Telugu,,2,circle,#d50032,12,,black,,,,"79.573975,16.570061",,,,
,,213,Spanish,Spanish - 40 people,36.999,-109.0452,40 people at UIC are learning Spanish,,2,square,#00b5e2,12,,black,,,,"-109.0452,36.999",,,,
,,214,Portuguese (Portugal),Portuguese (Portugal) - 1 person,39.399872,-8.224454,1 person at UIC speaks Portuguese (Portugal),,2,circle,#d50032,12,,black,,,,"-8.224454,39.399872",,,,
,,214,,,#N/A,#N/A,,,2,square,#00b5e2,12,,black,,,,,,,,
,,215,,,#N/A,#N/A,,,2,circle,#d50032,12,,black,,,,,,,,
,,215,Spanish,Spanish - 40 people,36.999,-109.0452,40 people at UIC are learning Spanish,,2,square,#00b5e2,12,,black,,,,"-109.0452,36.999",,,,
,,216,Urdu,Urdu - 6 people,24.824132,76.816406,6 people at UIC speak Urdu,,2,circle,#d50032,12,,black,,,,"76.816406,24.824132",,,,
,,216,Arabic,Arabic - 3 people,29.298528,42.55096,3 people at UIC are learning Arabic,,2,square,#00b5e2,12,,black,,,,"42.55096,29.298528",,,,
,,217,Bengali (India),Bengali (India) - 1 person,22.986757,87.854976,1 person at UIC speaks Bengali (India),,2,circle,#d50032,12,,black,,,,"87.854976,22.986757",,,,
,,217,,,#N/A,#N/A,,,2,square,#00b5e2,12,,black,,,,,,,,
,,218,Mandarin (Taiwan),Mandarin (Taiwan) - 1 person,24.654194,121.464844,1 person at UIC speaks Mandarin (Taiwan),,2,circle,#d50032,12,,black,,,,"121.464844,24.654194",,,,
,,218,,,#N/A,#N/A,,,2,square,#00b5e2,12,,black,,,,,,,,
,,219,Spanish (Mexico),Spanish (Mexico) - 32 people,23.634501,-102.552784,32 people at UIC speak Spanish (Mexico),,2,circle,#d50032,12,,black,,,,"-102.552784,23.634501",,,,
,,219,French,French - 75 people,48.856614,2.352222,75 people at UIC are learning French,,2,square,#00b5e2,12,,black,,,,"2.352222,48.856614",,,,
,,220,Turkish,Turkish - 2 people,38.963745,35.243322,2 people at UIC speak Turkish,,2,circle,#d50032,12,,black,,,,"35.243322,38.963745",,,,
,,220,German,German - 14 people,48.790447,11.497889,14 people at UIC are learning German,,2,square,#00b5e2,12,,black,,,,"11.497889,48.790447",,,,
,,221,Farsi/Persian,Farsi/Persian - 2 people,32.427908,53.688046,2 people at UIC speak Farsi/Persian,,2,circle,#d50032,12,,black,,,,"53.688046,32.427908",,,,
,,221,,,#N/A,#N/A,,,2,square,#00b5e2,12,,black,,,,,,,,
,,222,Spanish (Mexico),Spanish (Mexico) - 32 people,23.634501,-102.552784,32 people at UIC speak Spanish (Mexico),,2,circle,#d50032,12,,black,,,,"-102.552784,23.634501",,,,
,,222,German,German - 14 people,48.790447,11.497889,14 people at UIC are learning German,,2,square,#00b5e2,12,,black,,,,"11.497889,48.790447",,,,
,,223,German,German - 4 people,52.520007,13.404954,4 people at UIC speak German,,2,circle,#d50032,12,,black,,,,"13.404954,52.520007",,,,
,,223,,,#N/A,#N/A,,,2,square,#00b5e2,12,,black,,,,,,,,
,,224,Spanish (Peru),Spanish (Peru) - 2 people,-9.189967,-75.015152,2 people at UIC speak Spanish (Peru),,2,circle,#d50032,12,,black,,,,"-75.015152,-9.189967",,,,
,,224,Chinese,Chinese - 3 people,39.904211,116.407395,3 people at UIC are learning Chinese,,2,square,#00b5e2,12,,black,,,,"116.407395,39.904211",,,,
,,225,Ukrainian,Ukrainian - 2 people,50.4501,30.5234,2 people at UIC speak Ukrainian,,2,circle,#d50032,12,,black,,,,"30.5234,50.4501",,,,
,,225,Russian,Russian - 6 people,63.57301,88.59375,6 people at UIC are learning Russian,,2,square,#00b5e2,12,,black,,,,"88.59375,63.57301",,,,
,,226,Patois,Patois - 1 person,18.109581,-77.297508,1 person at UIC speaks Patois,,2,circle,#d50032,12,,black,,,,"-77.297508,18.109581",,,,
,,226,Spanish,Spanish - 40 people,36.999,-109.0452,40 people at UIC are learning Spanish,,2,square,#00b5e2,12,,black,,,,"-109.0452,36.999",,,,
,,227,Russian (Russia),Russian (Russia) - 5 people,61.52401,105.318756,5 people at UIC speak Russian (Russia),,2,circle,#d50032,12,,black,,,,"105.318756,61.52401",,,,
,,227,still learning English,still learning English - 1 person,#N/A,#N/A,1 person at UIC is learning still learning English,,2,square,#00b5e2,12,,black,,,,,,,,
,,228,Thai,Thai - 1 person,15.870032,100.992541,1 person at UIC speaks Thai,,2,circle,#d50032,12,,black,,,,"100.992541,15.870032",,,,
,,228,Spanish,Spanish - 40 people,36.999,-109.0452,40 people at UIC are learning Spanish,,2,square,#00b5e2,12,,black,,,,"-109.0452,36.999",,,,
,,229,Spanish (Honduras),Spanish (Honduras) - 1 person,15.199999,-86.241905,1 person at UIC speaks Spanish (Honduras),,2,circle,#d50032,12,,black,,,,"-86.241905,15.199999",,,,
,,229,French,French - 75 people,48.856614,2.352222,75 people at UIC are learning French,,2,square,#00b5e2,12,,black,,,,"2.352222,48.856614",,,,
,,230,,,#N/A,#N/A,,,2,circle,#d50032,12,,black,,,,,,,,
,,230,,,#N/A,#N/A,,,2,square,#00b5e2,12,,black,,,,,,,,
,,231,,,#N/A,#N/A,,,2,circle,#d50032,12,,black,,,,,,,,
,,231,,,#N/A,#N/A,,,2,square,#00b5e2,12,,black,,,,,,,,
,,232,,,#N/A,#N/A,,,2,circle,#d50032,12,,black,,,,,,,,
,,232,,,#N/A,#N/A,,,2,square,#00b5e2,12,,black,,,,,,,,
,,233,,,#N/A,#N/A,,,2,circle,#d50032,12,,black,,,,,,,,
,,233,,,#N/A,#N/A,,,2,square,#00b5e2,12,,black,,,,,,,,
,,234,,,#N/A,#N/A,,,2,circle,#d50032,12,,black,,,,,,,,
,,234,,,#N/A,#N/A,,,2,square,#00b5e2,12,,black,,,,,,,,
,,235,,,#N/A,#N/A,,,2,circle,#d50032,12,,black,,,,,,,,
,,235,,,#N/A,#N/A,,,2,square,#00b5e2,12,,black,,,,,,,,
,,236,,,#N/A,#N/A,,,2,circle,#d50032,12,,black,,,,,,,,
,,236,,,#N/A,#N/A,,,2,square,#00b5e2,12,,black,,,,,,,,
,,237,,,#N/A,#N/A,,,2,circle,#d50032,12,,black,,,,,,,,
,,237,,,#N/A,#N/A,,,2,square,#00b5e2,12,,black,,,,,,,,
,,238,,,#N/A,#N/A,,,2,circle,#d50032,12,,black,,,,,,,,
,,238,,,#N/A,#N/A,,,2,square,#00b5e2,12,,black,,,,,,,,
,,239,,,#N/A,#N/A,,,2,circle,#d50032,12,,black,,,,,,,,
,,239,,,#N/A,#N/A,,,2,square,#00b5e2,12,,black,,,,,,,,
,,240,,,#N/A,#N/A,,,2,circle,#d50032,12,,black,,,,,,,,
,,240,,,#N/A,#N/A,,,2,square,#00b5e2,12,,black,,,,,,,,
,,241,,,#N/A,#N/A,,,2,circle,#d50032,12,,black,,,,,,,,
,,241,,,#N/A,#N/A,,,2,square,#00b5e2,12,,black,,,,,,,,
,,242,,,#N/A,#N/A,,,2,circle,#d50032,12,,black,,,,,,,,
,,242,,,#N/A,#N/A,,,2,square,#00b5e2,12,,black,,,,,,,,
,,243,,,#N/A,#N/A,,,2,circle,#d50032,12,,black,,,,,,,,
,,243,,,#N/A,#N/A,,,2,square,#00b5e2,12,,black,,,,,,,,
,,244,,,#N/A,#N/A,,,2,circle,#d50032,12,,black,,,,,,,,
,,244,,,#N/A,#N/A,,,2,square,#00b5e2,12,,black,,,,,,,,
,,245,,,#N/A,#N/A,,,2,circle,#d50032,12,,black,,,,,,,,
,,245,,,#N/A,#N/A,,,2,square,#00b5e2,12,,black,,,,,,,,
,,246,,,#N/A,#N/A,,,2,circle,#d50032,12,,black,,,,,,,,
,,246,,,#N/A,#N/A,,,2,square,#00b5e2,12,,black,,,,,,,,
,,247,,,#N/A,#N/A,,,2,circle,#d50032,12,,black,,,,,,,,
,,247,,,#N/A,#N/A,,,2,square,#00b5e2,12,,black,,,,,,,,
,,248,,,#N/A,#N/A,,,2,circle,#d50032,12,,black,,,,,,,,
,,248,,,#N/A,#N/A,,,2,square,#00b5e2,12,,black,,,,,,,,
,,249,,,#N/A,#N/A,,,2,circle,#d50032,12,,black,,,,,,,,
,,249,,,#N/A,#N/A,,,2,square,#00b5e2,12,,black,,,,,,,,
,,250,,,#N/A,#N/A,,,2,circle,#d50032,12,,black,,,,,,,,
,,250,,,#N/A,#N/A,,,2,square,#00b5e2,12,,black,,,,,,,,
,,251,,,#N/A,#N/A,,,2,circle,#d50032,12,,black,,,,,,,,
,,251,,,#N/A,#N/A,,,2,square,#00b5e2,12,,black,,,,,,,,
,,252,,,#N/A,#N/A,,,2,circle,#d50032,12,,black,,,,,,,,
,,252,,,#N/A,#N/A,,,2,square,#00b5e2,12,,black,,,,,,,,
,,253,,,#N/A,#N/A,,,2,circle,#d50032,12,,black,,,,,,,,
,,253,,,#N/A,#N/A,,,2,square,#00b5e2,12,,black,,,,,,,,
,,254,,,#N/A,#N/A,,,2,circle,#d50032,12,,black,,,,,,,,
,,254,,,#N/A,#N/A,,,2,square,#00b5e2,12,,black,,,,,,,,
,,255,,,#N/A,#N/A,,,2,circle,#d50032,12,,black,,,,,,,,
,,255,,,#N/A,#N/A,,,2,square,#00b5e2,12,,black,,,,,,,,
,,256,,,#N/A,#N/A,,,2,circle,#d50032,12,,black,,,,,,,,
,,256,,,#N/A,#N/A,,,2,square,#00b5e2,12,,black,,,,,,,,
,,257,,,#N/A,#N/A,,,2,circle,#d50032,12,,black,,,,,,,,
,,257,,,#N/A,#N/A,,,2,square,#00b5e2,12,,black,,,,,,,,
,,258,,,#N/A,#N/A,,,2,circle,#d50032,12,,black,,,,,,,,
,,258,,,#N/A,#N/A,,,2,square,#00b5e2,12,,black,,,,,,,,
,,259,,,#N/A,#N/A,,,2,circle,#d50032,12,,black,,,,,,,,
,,259,,,#N/A,#N/A,,,2,square,#00b5e2,12,,black,,,,,,,,
,,260,,,#N/A,#N/A,,,2,circle,#d50032,12,,black,,,,,,,,
,,260,,,#N/A,#N/A,,,2,square,#00b5e2,12,,black,,,,,,,,
,,261,,,#N/A,#N/A,,,2,circle,#d50032,12,,black,,,,,,,,
,,261,,,#N/A,#N/A,,,2,square,#00b5e2,12,,black,,,,,,,,
,,262,,,#N/A,#N/A,,,2,circle,#d50032,12,,black,,,,,,,,
,,262,,,#N/A,#N/A,,,2,square,#00b5e2,12,,black,,,,,,,,
,,263,,,#N/A,#N/A,,,2,circle,#d50032,12,,black,,,,,,,,
,,263,,,#N/A,#N/A,,,2,square,#00b5e2,12,,black,,,,,,,,
,,264,,,#N/A,#N/A,,,2,circle,#d50032,12,,black,,,,,,,,
,,264,,,#N/A,#N/A,,,2,square,#00b5e2,12,,black,,,,,,,,
,,265,,,#N/A,#N/A,,,2,circle,#d50032,12,,black,,,,,,,,
,,265,,,#N/A,#N/A,,,2,square,#00b5e2,12,,black,,,,,,,,
,,266,,,#N/A,#N/A,,,2,circle,#d50032,12,,black,,,,,,,,
,,266,,,#N/A,#N/A,,,2,square,#00b5e2,12,,black,,,,,,,,
,,267,,,#N/A,#N/A,,,2,circle,#d50032,12,,black,,,,,,,,
,,267,,,#N/A,#N/A,,,2,square,#00b5e2,12,,black,,,,,,,,
,,268,,,#N/A,#N/A,,,2,circle,#d50032,12,,black,,,,,,,,
,,268,,,#N/A,#N/A,,,2,square,#00b5e2,12,,black,,,,,,,,
,,269,,,#N/A,#N/A,,,2,circle,#d50032,12,,black,,,,,,,,
,,269,,,#N/A,#N/A,,,2,square,#00b5e2,12,,black,,,,,,,,
,,270,,,#N/A,#N/A,,,2,circle,#d50032,12,,black,,,,,,,,
,,270,,,#N/A,#N/A,,,2,square,#00b5e2,12,,black,,,,,,,,
,,271,,,#N/A,#N/A,,,2,circle,#d50032,12,,black,,,,,,,,
,,271,,,#N/A,#N/A,,,2,square,#00b5e2,12,,black,,,,,,,,
,,272,,,#N/A,#N/A,,,2,circle,#d50032,12,,black,,,,,,,,
,,272,,,#N/A,#N/A,,,2,square,#00b5e2,12,,black,,,,,,,,
,,273,,,#N/A,#N/A,,,2,circle,#d50032,12,,black,,,,,,,,
,,273,,,#N/A,#N/A,,,2,square,#00b5e2,12,,black,,,,,,,,
,,274,,,#N/A,#N/A,,,2,circle,#d50032,12,,black,,,,,,,,
,,274,,,#N/A,#N/A,,,2,square,#00b5e2,12,,black,,,,,,,,
,,275,,,#N/A,#N/A,,,2,circle,#d50032,12,,black,,,,,,,,
,,275,,,#N/A,#N/A,,,2,square,#00b5e2,12,,black,,,,,,,,
,,276,,,#N/A,#N/A,,,2,circle,#d50032,12,,black,,,,,,,,
,,276,,,#N/A,#N/A,,,2,square,#00b5e2,12,,black,,,,,,,,
,,277,,,#N/A,#N/A,,,2,circle,#d50032,12,,black,,,,,,,,
,,277,,,#N/A,#N/A,,,2,square,#00b5e2,12,,black,,,,,,,,
,,278,,,#N/A,#N/A,,,2,circle,#d50032,12,,black,,,,,,,,
,,278,,,#N/A,#N/A,,,2,square,#00b5e2,12,,black,,,,,,,,
,,279,,,#N/A,#N/A,,,2,circle,#d50032,12,,black,,,,,,,,
,,279,,,#N/A,#N/A,,,2,square,#00b5e2,12,,black,,,,,,,,
,,280,,,#N/A,#N/A,,,2,circle,#d50032,12,,black,,,,,,,,
,,280,,,#N/A,#N/A,,,2,square,#00b5e2,12,,black,,,,,,,,
,,281,,,#N/A,#N/A,,,2,circle,#d50032,12,,black,,,,,,,,
,,281,,,#N/A,#N/A,,,2,square,#00b5e2,12,,black,,,,,,,,
,,282,,,#N/A,#N/A,,,2,circle,#d50032,12,,black,,,,,,,,
,,282,,,#N/A,#N/A,,,2,square,#00b5e2,12,,black,,,,,,,,
,,283,,,#N/A,#N/A,,,2,circle,#d50032,12,,black,,,,,,,,
,,283,,,#N/A,#N/A,,,2,square,#00b5e2,12,,black,,,,,,,,
,,284,,,#N/A,#N/A,,,2,circle,#d50032,12,,black,,,,,,,,
,,284,,,#N/A,#N/A,,,2,square,#00b5e2,12,,black,,,,,,,,
,,285,,,#N/A,#N/A,,,2,circle,#d50032,12,,black,,,,,,,,
,,285,,,#N/A,#N/A,,,2,square,#00b5e2,12,,black,,,,,,,,
,,286,,,#N/A,#N/A,,,2,circle,#d50032,12,,black,,,,,,,,
,,286,,,#N/A,#N/A,,,2,square,#00b5e2,12,,black,,,,,,,,
,,287,,,#N/A,#N/A,,,2,circle,#d50032,12,,black,,,,,,,,
,,287,,,#N/A,#N/A,,,2,square,#00b5e2,12,,black,,,,,,,,
,,288,,,#N/A,#N/A,,,2,circle,#d50032,12,,black,,,,,,,,
,,288,,,#N/A,#N/A,,,2,square,#00b5e2,12,,black,,,,,,,,
,,289,,,#N/A,#N/A,,,2,circle,#d50032,12,,black,,,,,,,,
,,289,,,#N/A,#N/A,,,2,square,#00b5e2,12,,black,,,,,,,,
,,290,,,#N/A,#N/A,,,2,circle,#d50032,12,,black,,,,,,,,
,,290,,,#N/A,#N/A,,,2,square,#00b5e2,12,,black,,,,,,,,
,,291,,,#N/A,#N/A,,,2,circle,#d50032,12,,black,,,,,,,,
,,291,,,#N/A,#N/A,,,2,square,#00b5e2,12,,black,,,,,,,,
,,292,,,#N/A,#N/A,,,2,circle,#d50032,12,,black,,,,,,,,
,,292,,,#N/A,#N/A,,,2,square,#00b5e2,12,,black,,,,,,,,
,,293,,,#N/A,#N/A,,,2,circle,#d50032,12,,black,,,,,,,,
,,293,,,#N/A,#N/A,,,2,square,#00b5e2,12,,black,,,,,,,,
,,294,,,#N/A,#N/A,,,2,circle,#d50032,12,,black,,,,,,,,
,,294,,,#N/A,#N/A,,,2,square,#00b5e2,12,,black,,,,,,,,
,,295,,,#N/A,#N/A,,,2,circle,#d50032,12,,black,,,,,,,,
,,295,,,#N/A,#N/A,,,2,square,#00b5e2,12,,black,,,,,,,,
,,296,,,#N/A,#N/A,,,2,circle,#d50032,12,,black,,,,,,,,
,,296,,,#N/A,#N/A,,,2,square,#00b5e2,12,,black,,,,,,,,
,,297,,,#N/A,#N/A,,,2,circle,#d50032,12,,black,,,,,,,,
,,297,,,#N/A,#N/A,,,2,square,#00b5e2,12,,black,,,,,,,,
,,298,,,#N/A,#N/A,,,2,circle,#d50032,12,,black,,,,,,,,
,,298,,,#N/A,#N/A,,,2,square,#00b5e2,12,,black,,,,,,,,
,,299,,,#N/A,#N/A,,,2,circle,#d50032,12,,black,,,,,,,,
,,299,,,#N/A,#N/A,,,2,square,#00b5e2,12,,black,,,,,,,,
,,300,,,#N/A,#N/A,,,2,circle,#d50032,12,,black,,,,,,,,
,,300,,,#N/A,#N/A,,,2,square,#00b5e2,12,,black,,,,,,,,
,,301,,,#N/A,#N/A,,,2,circle,#d50032,12,,black,,,,,,,,
,,301,,,#N/A,#N/A,,,2,square,#00b5e2,12,,black,,,,,,,,
,,302,,,#N/A,#N/A,,,2,circle,#d50032,12,,black,,,,,,,,
,,302,,,#N/A,#N/A,,,2,square,#00b5e2,12,,black,,,,,,,,
,,303,,,#N/A,#N/A,,,2,circle,#d50032,12,,black,,,,,,,,
,,303,,,#N/A,#N/A,,,2,square,#00b5e2,12,,black,,,,,,,,
,,304,,,#N/A,#N/A,,,2,circle,#d50032,12,,black,,,,,,,,
,,304,,,#N/A,#N/A,,,2,square,#00b5e2,12,,black,,,,,,,,
,,305,,,#N/A,#N/A,,,2,circle,#d50032,12,,black,,,,,,,,
,,305,,,#N/A,#N/A,,,2,square,#00b5e2,12,,black,,,,,,,,
,,306,,,#N/A,#N/A,,,2,circle,#d50032,12,,black,,,,,,,,
,,306,,,#N/A,#N/A,,,2,square,#00b5e2,12,,black,,,,,,,,
,,307,,,#N/A,#N/A,,,2,circle,#d50032,12,,black,,,,,,,,
,,307,,,#N/A,#N/A,,,2,square,#00b5e2,12,,black,,,,,,,,
,,308,,,#N/A,#N/A,,,2,circle,#d50032,12,,black,,,,,,,,
,,308,,,#N/A,#N/A,,,2,square,#00b5e2,12,,black,,,,,,,,
,,309,,,#N/A,#N/A,,,2,circle,#d50032,12,,black,,,,,,,,
,,309,,,#N/A,#N/A,,,2,square,#00b5e2,12,,black,,,,,,,,
,,310,,,#N/A,#N/A,,,2,circle,#d50032,12,,black,,,,,,,,
,,310,,,#N/A,#N/A,,,2,square,#00b5e2,12,,black,,,,,,,,
,,311,,,#N/A,#N/A,,,2,circle,#d50032,12,,black,,,,,,,,
,,311,,,#N/A,#N/A,,,2,square,#00b5e2,12,,black,,,,,,,,
,,312,,,#N/A,#N/A,,,2,circle,#d50032,12,,black,,,,,,,,
,,312,,,#N/A,#N/A,,,2,square,#00b5e2,12,,black,,,,,,,,
,,313,,,#N/A,#N/A,,,2,circle,#d50032,12,,black,,,,,,,,
,,313,,,#N/A,#N/A,,,2,square,#00b5e2,12,,black,,,,,,,,
,,314,,,#N/A,#N/A,,,2,circle,#d50032,12,,black,,,,,,,,
,,314,,,#N/A,#N/A,,,2,square,#00b5e2,12,,black,,,,,,,,
,,315,,,#N/A,#N/A,,,2,circle,#d50032,12,,black,,,,,,,,
,,315,,,#N/A,#N/A,,,2,square,#00b5e2,12,,black,,,,,,,,
,,316,,,#N/A,#N/A,,,2,circle,#d50032,12,,black,,,,,,,,
,,316,,,#N/A,#N/A,,,2,square,#00b5e2,12,,black,,,,,,,,
,,317,,,#N/A,#N/A,,,2,circle,#d50032,12,,black,,,,,,,,
,,317,,,#N/A,#N/A,,,2,square,#00b5e2,12,,black,,,,,,,,
,,318,,,#N/A,#N/A,,,2,circle,#d50032,12,,black,,,,,,,,
,,318,,,#N/A,#N/A,,,2,square,#00b5e2,12,,black,,,,,,,,
,,319,,,#N/A,#N/A,,,2,circle,#d50032,12,,black,,,,,,,,
,,319,,,#N/A,#N/A,,,2,square,#00b5e2,12,,black,,,,,,,,
,,320,,,#N/A,#N/A,,,2,circle,#d50032,12,,black,,,,,,,,
,,320,,,#N/A,#N/A,,,2,square,#00b5e2,12,,black,,,,,,,,
,,321,,,#N/A,#N/A,,,2,circle,#d50032,12,,black,,,,,,,,
,,321,,,#N/A,#N/A,,,2,square,#00b5e2,12,,black,,,,,,,,
,,322,,,#N/A,#N/A,,,2,circle,#d50032,12,,black,,,,,,,,
,,322,,,#N/A,#N/A,,,2,square,#00b5e2,12,,black,,,,,,,,
,,323,,,#N/A,#N/A,,,2,circle,#d50032,12,,black,,,,,,,,
,,323,,,#N/A,#N/A,,,2,square,#00b5e2,12,,black,,,,,,,,
,,324,,,#N/A,#N/A,,,2,circle,#d50032,12,,black,,,,,,,,
,,324,,,#N/A,#N/A,,,2,square,#00b5e2,12,,black,,,,,,,,
,,325,,,#N/A,#N/A,,,2,circle,#d50032,12,,black,,,,,,,,
,,325,,,#N/A,#N/A,,,2,square,#00b5e2,12,,black,,,,,,,,
,,326,,,#N/A,#N/A,,,2,circle,#d50032,12,,black,,,,,,,,
,,326,,,#N/A,#N/A,,,2,square,#00b5e2,12,,black,,,,,,,,
,,327,,,#N/A,#N/A,,,2,circle,#d50032,12,,black,,,,,,,,
,,327,,,#N/A,#N/A,,,2,square,#00b5e2,12,,black,,,,,,,,
,,328,,,#N/A,#N/A,,,2,circle,#d50032,12,,black,,,,,,,,
,,328,,,#N/A,#N/A,,,2,square,#00b5e2,12,,black,,,,,,,,
,,329,,,#N/A,#N/A,,,2,circle,#d50032,12,,black,,,,,,,,
,,329,,,#N/A,#N/A,,,2,square,#00b5e2,12,,black,,,,,,,,
,,330,,,#N/A,#N/A,,,2,circle,#d50032,12,,black,,,,,,,,
,,330,,,#N/A,#N/A,,,2,square,#00b5e2,12,,black,,,,,,,,
,,331,,,#N/A,#N/A,,,2,circle,#d50032,12,,black,,,,,,,,
,,331,,,#N/A,#N/A,,,2,square,#00b5e2,12,,black,,,,,,,,
,,332,,,#N/A,#N/A,,,2,circle,#d50032,12,,black,,,,,,,,
,,332,,,#N/A,#N/A,,,2,square,#00b5e2,12,,black,,,,,,,,
,,333,,,#N/A,#N/A,,,2,circle,#d50032,12,,black,,,,,,,,
,,333,,,#N/A,#N/A,,,2,square,#00b5e2,12,,black,,,,,,,,
,,334,,,#N/A,#N/A,,,2,circle,#d50032,12,,black,,,,,,,,
,,334,,,#N/A,#N/A,,,2,square,#00b5e2,12,,black,,,,,,,,
,,335,,,#N/A,#N/A,,,2,circle,#d50032,12,,black,,,,,,,,
,,335,,,#N/A,#N/A,,,2,square,#00b5e2,12,,black,,,,,,,,
,,336,,,#N/A,#N/A,,,2,circle,#d50032,12,,black,,,,,,,,
,,336,,,#N/A,#N/A,,,2,square,#00b5e2,12,,black,,,,,,,,
,,337,,,#N/A,#N/A,,,2,circle,#d50032,12,,black,,,,,,,,
,,337,,,#N/A,#N/A,,,2,square,#00b5e2,12,,black,,,,,,,,
,,338,,,#N/A,#N/A,,,2,circle,#d50032,12,,black,,,,,,,,
,,338,,,#N/A,#N/A,,,2,square,#00b5e2,12,,black,,,,,,,,
,,339,,,#N/A,#N/A,,,2,circle,#d50032,12,,black,,,,,,,,
,,339,,,#N/A,#N/A,,,2,square,#00b5e2,12,,black,,,,,,,,
,,340,,,#N/A,#N/A,,,2,circle,#d50032,12,,black,,,,,,,,
,,340,,,#N/A,#N/A,,,2,square,#00b5e2,12,,black,,,,,,,,
,,341,,,#N/A,#N/A,,,2,circle,#d50032,12,,black,,,,,,,,
,,341,,,#N/A,#N/A,,,2,square,#00b5e2,12,,black,,,,,,,,
,,342,,,#N/A,#N/A,,,2,circle,#d50032,12,,black,,,,,,,,
,,342,,,#N/A,#N/A,,,2,square,#00b5e2,12,,black,,,,,,,,
,,343,,,#N/A,#N/A,,,2,circle,#d50032,12,,black,,,,,,,,
,,343,,,#N/A,#N/A,,,2,square,#00b5e2,12,,black,,,,,,,,
,,344,,,#N/A,#N/A,,,2,circle,#d50032,12,,black,,,,,,,,
,,344,,,#N/A,#N/A,,,2,square,#00b5e2,12,,black,,,,,,,,
,,345,,,#N/A,#N/A,,,2,circle,#d50032,12,,black,,,,,,,,
,,345,,,#N/A,#N/A,,,2,square,#00b5e2,12,,black,,,,,,,,
,,346,,,#N/A,#N/A,,,2,circle,#d50032,12,,black,,,,,,,,
,,346,,,#N/A,#N/A,,,2,square,#00b5e2,12,,black,,,,,,,,
,,347,,,#N/A,#N/A,,,2,circle,#d50032,12,,black,,,,,,,,
,,347,,,#N/A,#N/A,,,2,square,#00b5e2,12,,black,,,,,,,,
,,348,,,#N/A,#N/A,,,2,circle,#d50032,12,,black,,,,,,,,
,,348,,,#N/A,#N/A,,,2,square,#00b5e2,12,,black,,,,,,,,
,,349,,,#N/A,#N/A,,,2,circle,#d50032,12,,black,,,,,,,,
,,349,,,#N/A,#N/A,,,2,square,#00b5e2,12,,black,,,,,,,,
,,350,,,#N/A,#N/A,,,2,circle,#d50032,12,,black,,,,,,,,
,,350,,,#N/A,#N/A,,,2,square,#00b5e2,12,,black,,,,,,,,
,,351,,,#N/A,#N/A,,,2,circle,#d50032,12,,black,,,,,,,,
,,351,,,#N/A,#N/A,,,2,square,#00b5e2,12,,black,,,,,,,,
,,352,,,#N/A,#N/A,,,2,circle,#d50032,12,,black,,,,,,,,
,,352,,,#N/A,#N/A,,,2,square,#00b5e2,12,,black,,,,,,,,
,,353,,,#N/A,#N/A,,,2,circle,#d50032,12,,black,,,,,,,,
,,353,,,#N/A,#N/A,,,2,square,#00b5e2,12,,black,,,,,,,,
,,354,,,#N/A,#N/A,,,2,circle,#d50032,12,,black,,,,,,,,
,,354,,,#N/A,#N/A,,,2,square,#00b5e2,12,,black,,,,,,,,
,,355,,,#N/A,#N/A,,,2,circle,#d50032,12,,black,,,,,,,,
,,355,,,#N/A,#N/A,,,2,square,#00b5e2,12,,black,,,,,,,,
,,356,,,#N/A,#N/A,,,2,circle,#d50032,12,,black,,,,,,,,
,,356,,,#N/A,#N/A,,,2,square,#00b5e2,12,,black,,,,,,,,
,,357,,,#N/A,#N/A,,,2,circle,#d50032,12,,black,,,,,,,,
,,357,,,#N/A,#N/A,,,2,square,#00b5e2,12,,black,,,,,,,,
,,358,,,#N/A,#N/A,,,2,circle,#d50032,12,,black,,,,,,,,
,,358,,,#N/A,#N/A,,,2,square,#00b5e2,12,,black,,,,,,,,
,,359,,,#N/A,#N/A,,,2,circle,#d50032,12,,black,,,,,,,,
,,359,,,#N/A,#N/A,,,2,square,#00b5e2,12,,black,,,,,,,,
,,360,,,#N/A,#N/A,,,2,circle,#d50032,12,,black,,,,,,,,
,,360,,,#N/A,#N/A,,,2,square,#00b5e2,12,,black,,,,,,,,
,,361,,,#N/A,#N/A,,,2,circle,#d50032,12,,black,,,,,,,,
,,361,,,#N/A,#N/A,,,2,square,#00b5e2,12,,black,,,,,,,,
,,362,,,#N/A,#N/A,,,2,circle,#d50032,12,,black,,,,,,,,
,,362,,,#N/A,#N/A,,,2,square,#00b5e2,12,,black,,,,,,,,
,,363,,,#N/A,#N/A,,,2,circle,#d50032,12,,black,,,,,,,,
,,363,,,#N/A,#N/A,,,2,square,#00b5e2,12,,black,,,,,,,,
,,364,,,#N/A,#N/A,,,2,circle,#d50032,12,,black,,,,,,,,
,,364,,,#N/A,#N/A,,,2,square,#00b5e2,12,,black,,,,,,,,
,,365,,,#N/A,#N/A,,,2,circle,#d50032,12,,black,,,,,,,,
,,365,,,#N/A,#N/A,,,2,square,#00b5e2,12,,black,,,,,,,,
,,366,,,#N/A,#N/A,,,2,circle,#d50032,12,,black,,,,,,,,
,,366,,,#N/A,#N/A,,,2,square,#00b5e2,12,,black,,,,,,,,
,,367,,,#N/A,#N/A,,,2,circle,#d50032,12,,black,,,,,,,,
,,367,,,#N/A,#N/A,,,2,square,#00b5e2,12,,black,,,,,,,,
,,368,,,#N/A,#N/A,,,2,circle,#d50032,12,,black,,,,,,,,
,,368,,,#N/A,#N/A,,,2,square,#00b5e2,12,,black,,,,,,,,
,,369,,,#N/A,#N/A,,,2,circle,#d50032,12,,black,,,,,,,,
,,369,,,#N/A,#N/A,,,2,square,#00b5e2,12,,black,,,,,,,,
,,370,,,#N/A,#N/A,,,2,circle,#d50032,12,,black,,,,,,,,
,,370,,,#N/A,#N/A,,,2,square,#00b5e2,12,,black,,,,,,,,
,,371,,,#N/A,#N/A,,,2,circle,#d50032,12,,black,,,,,,,,
,,371,,,#N/A,#N/A,,,2,square,#00b5e2,12,,black,,,,,,,,
,,372,,,#N/A,#N/A,,,2,circle,#d50032,12,,black,,,,,,,,
,,372,,,#N/A,#N/A,,,2,square,#00b5e2,12,,black,,,,,,,,
,,373,,,#N/A,#N/A,,,2,circle,#d50032,12,,black,,,,,,,,
,,373,,,#N/A,#N/A,,,2,square,#00b5e2,12,,black,,,,,,,,
,,374,,,#N/A,#N/A,,,2,circle,#d50032,12,,black,,,,,,,,
,,374,,,#N/A,#N/A,,,2,square,#00b5e2,12,,black,,,,,,,,
,,375,,,#N/A,#N/A,,,2,circle,#d50032,12,,black,,,,,,,,
,,375,,,#N/A,#N/A,,,2,square,#00b5e2,12,,black,,,,,,,,
,,376,,,#N/A,#N/A,,,2,circle,#d50032,12,,black,,,,,,,,
,,376,,,#N/A,#N/A,,,2,square,#00b5e2,12,,black,,,,,,,,
,,377,,,#N/A,#N/A,,,2,circle,#d50032,12,,black,,,,,,,,
,,377,,,#N/A,#N/A,,,2,square,#00b5e2,12,,black,,,,,,,,
,,378,,,#N/A,#N/A,,,2,circle,#d50032,12,,black,,,,,,,,
,,378,,,#N/A,#N/A,,,2,square,#00b5e2,12,,black,,,,,,,,
,,379,,,#N/A,#N/A,,,2,circle,#d50032,12,,black,,,,,,,,
,,379,,,#N/A,#N/A,,,2,square,#00b5e2,12,,black,,,,,,,,
,,380,,,#N/A,#N/A,,,2,circle,#d50032,12,,black,,,,,,,,
,,380,,,#N/A,#N/A,,,2,square,#00b5e2,12,,black,,,,,,,,
,,381,,,#N/A,#N/A,,,2,circle,#d50032,12,,black,,,,,,,,
,,381,,,#N/A,#N/A,,,2,square,#00b5e2,12,,black,,,,,,,,
,,382,,,#N/A,#N/A,,,2,circle,#d50032,12,,black,,,,,,,,
,,382,,,#N/A,#N/A,,,2,square,#00b5e2,12,,black,,,,,,,,
,,383,,,#N/A,#N/A,,,2,circle,#d50032,12,,black,,,,,,,,
,,383,,,#N/A,#N/A,,,2,square,#00b5e2,12,,black,,,,,,,,
,,384,,,#N/A,#N/A,,,2,circle,#d50032,12,,black,,,,,,,,
,,384,,,#N/A,#N/A,,,2,square,#00b5e2,12,,black,,,,,,,,
,,385,,,#N/A,#N/A,,,2,circle,#d50032,12,,black,,,,,,,,
,,385,,,#N/A,#N/A,,,2,square,#00b5e2,12,,black,,,,,,,,
,,386,,,#N/A,#N/A,,,2,circle,#d50032,12,,black,,,,,,,,
,,386,,,#N/A,#N/A,,,2,square,#00b5e2,12,,black,,,,,,,,
,,387,,,#N/A,#N/A,,,2,circle,#d50032,12,,black,,,,,,,,
,,387,,,#N/A,#N/A,,,2,square,#00b5e2,12,,black,,,,,,,,
,,388,,,#N/A,#N/A,,,2,circle,#d50032,12,,black,,,,,,,,
,,388,,,#N/A,#N/A,,,2,square,#00b5e2,12,,black,,,,,,,,
,,389,,,#N/A,#N/A,,,2,circle,#d50032,12,,black,,,,,,,,
,,389,,,#N/A,#N/A,,,2,square,#00b5e2,12,,black,,,,,,,,
,,390,,,#N/A,#N/A,,,2,circle,#d50032,12,,black,,,,,,,,
,,390,,,#N/A,#N/A,,,2,square,#00b5e2,12,,black,,,,,,,,
,,391,,,#N/A,#N/A,,,2,circle,#d50032,12,,black,,,,,,,,
,,391,,,#N/A,#N/A,,,2,square,#00b5e2,12,,black,,,,,,,,
,,392,,,#N/A,#N/A,,,2,circle,#d50032,12,,black,,,,,,,,
,,392,,,#N/A,#N/A,,,2,square,#00b5e2,12,,black,,,,,,,,
,,393,,,#N/A,#N/A,,,2,circle,#d50032,12,,black,,,,,,,,
,,393,,,#N/A,#N/A,,,2,square,#00b5e2,12,,black,,,,,,,,
,,394,,,#N/A,#N/A,,,2,circle,#d50032,12,,black,,,,,,,,
,,394,,,#N/A,#N/A,,,2,square,#00b5e2,12,,black,,,,,,,,
,,395,,,#N/A,#N/A,,,2,circle,#d50032,12,,black,,,,,,,,
,,395,,,#N/A,#N/A,,,2,square,#00b5e2,12,,black,,,,,,,,
,,396,,,#N/A,#N/A,,,2,circle,#d50032,12,,black,,,,,,,,
,,396,,,#N/A,#N/A,,,2,square,#00b5e2,12,,black,,,,,,,,
,,397,,,#N/A,#N/A,,,2,circle,#d50032,12,,black,,,,,,,,
,,397,,,#N/A,#N/A,,,2,square,#00b5e2,12,,black,,,,,,,,
,,398,,,#N/A,#N/A,,,2,circle,#d50032,12,,black,,,,,,,,
,,398,,,#N/A,#N/A,,,2,square,#00b5e2,12,,black,,,,,,,,
,,399,,,#N/A,#N/A,,,2,circle,#d50032,12,,black,,,,,,,,
,,399,,,#N/A,#N/A,,,2,square,#00b5e2,12,,black,,,,,,,,
,,400,,,#N/A,#N/A,,,2,circle,#d50032,12,,black,,,,,,,,
,,400,,,#N/A,#N/A,,,2,square,#00b5e2,12,,black,,,,,,,,
,,401,,,#N/A,#N/A,,,2,circle,#d50032,12,,black,,,,,,,,
,,401,,,#N/A,#N/A,,,2,square,#00b5e2,12,,black,,,,,,,,
,,402,,,#N/A,#N/A,,,2,circle,#d50032,12,,black,,,,,,,,
,,402,,,#N/A,#N/A,,,2,square,#00b5e2,12,,black,,,,,,,,
,,403,,,#N/A,#N/A,,,2,circle,#d50032,12,,black,,,,,,,,
,,403,,,#N/A,#N/A,,,2,square,#00b5e2,12,,black,,,,,,,,
,,404,,,#N/A,#N/A,,,2,circle,#d50032,12,,black,,,,,,,,
,,404,,,#N/A,#N/A,,,2,square,#00b5e2,12,,black,,,,,,,,
,,405,,,#N/A,#N/A,,,2,circle,#d50032,12,,black,,,,,,,,
,,405,,,#N/A,#N/A,,,2,square,#00b5e2,12,,black,,,,,,,,
,,406,,,#N/A,#N/A,,,2,circle,#d50032,12,,black,,,,,,,,
,,406,,,#N/A,#N/A,,,2,square,#00b5e2,12,,black,,,,,,,,
,,407,,,#N/A,#N/A,,,2,circle,#d50032,12,,black,,,,,,,,
,,407,,,#N/A,#N/A,,,2,square,#00b5e2,12,,black,,,,,,,,
,,408,,,#N/A,#N/A,,,2,circle,#d50032,12,,black,,,,,,,,
,,408,,,#N/A,#N/A,,,2,square,#00b5e2,12,,black,,,,,,,,
,,409,,,#N/A,#N/A,,,2,circle,#d50032,12,,black,,,,,,,,
,,409,,,#N/A,#N/A,,,2,square,#00b5e2,12,,black,,,,,,,,
,,410,,,#N/A,#N/A,,,2,circle,#d50032,12,,black,,,,,,,,
,,410,,,#N/A,#N/A,,,2,square,#00b5e2,12,,black,,,,,,,,
,,411,,,#N/A,#N/A,,,2,circle,#d50032,12,,black,,,,,,,,
,,411,,,#N/A,#N/A,,,2,square,#00b5e2,12,,black,,,,,,,,
,,412,,,#N/A,#N/A,,,2,circle,#d50032,12,,black,,,,,,,,
,,412,,,#N/A,#N/A,,,2,square,#00b5e2,12,,black,,,,,,,,
,,413,,,#N/A,#N/A,,,2,circle,#d50032,12,,black,,,,,,,,
,,413,,,#N/A,#N/A,,,2,square,#00b5e2,12,,black,,,,,,,,
,,414,,,#N/A,#N/A,,,2,circle,#d50032,12,,black,,,,,,,,
,,414,,,#N/A,#N/A,,,2,square,#00b5e2,12,,black,,,,,,,,
,,415,,,#N/A,#N/A,,,2,circle,#d50032,12,,black,,,,,,,,
,,415,,,#N/A,#N/A,,,2,square,#00b5e2,12,,black,,,,,,,,
,,416,,,#N/A,#N/A,,,2,circle,#d50032,12,,black,,,,,,,,
,,416,,,#N/A,#N/A,,,2,square,#00b5e2,12,,black,,,,,,,,
,,417,,,#N/A,#N/A,,,2,circle,#d50032,12,,black,,,,,,,,
,,417,,,#N/A,#N/A,,,2,square,#00b5e2,12,,black,,,,,,,,
,,418,,,#N/A,#N/A,,,2,circle,#d50032,12,,black,,,,,,,,
,,418,,,#N/A,#N/A,,,2,square,#00b5e2,12,,black,,,,,,,,
,,419,,,#N/A,#N/A,,,2,circle,#d50032,12,,black,,,,,,,,
,,419,,,#N/A,#N/A,,,2,square,#00b5e2,12,,black,,,,,,,,
,,420,,,#N/A,#N/A,,,2,circle,#d50032,12,,black,,,,,,,,
,,420,,,#N/A,#N/A,,,2,square,#00b5e2,12,,black,,,,,,,,
,,421,,,#N/A,#N/A,,,2,circle,#d50032,12,,black,,,,,,,,
,,421,,,#N/A,#N/A,,,2,square,#00b5e2,12,,black,,,,,,,,
,,422,,,#N/A,#N/A,,,2,circle,#d50032,12,,black,,,,,,,,
,,422,,,#N/A,#N/A,,,2,square,#00b5e2,12,,black,,,,,,,,
,,423,,,#N/A,#N/A,,,2,circle,#d50032,12,,black,,,,,,,,
,,423,,,#N/A,#N/A,,,2,square,#00b5e2,12,,black,,,,,,,,
,,424,,,#N/A,#N/A,,,2,circle,#d50032,12,,black,,,,,,,,
,,424,,,#N/A,#N/A,,,2,square,#00b5e2,12,,black,,,,,,,,
,,425,,,#N/A,#N/A,,,2,circle,#d50032,12,,black,,,,,,,,
,,425,,,#N/A,#N/A,,,2,square,#00b5e2,12,,black,,,,,,,,
,,426,,,#N/A,#N/A,,,2,circle,#d50032,12,,black,,,,,,,,
,,426,,,#N/A,#N/A,,,2,square,#00b5e2,12,,black,,,,,,,,
,,427,,,#N/A,#N/A,,,2,circle,#d50032,12,,black,,,,,,,,
,,427,,,#N/A,#N/A,,,2,square,#00b5e2,12,,black,,,,,,,,
,,428,,,#N/A,#N/A,,,2,circle,#d50032,12,,black,,,,,,,,
,,428,,,#N/A,#N/A,,,2,square,#00b5e2,12,,black,,,,,,,,
,,429,,,#N/A,#N/A,,,2,circle,#d50032,12,,black,,,,,,,,
,,429,,,#N/A,#N/A,,,2,square,#00b5e2,12,,black,,,,,,,,
,,430,,,#N/A,#N/A,,,2,circle,#d50032,12,,black,,,,,,,,
,,430,,,#N/A,#N/A,,,2,square,#00b5e2,12,,black,,,,,,,,
,,431,,,#N/A,#N/A,,,2,circle,#d50032,12,,black,,,,,,,,
,,431,,,#N/A,#N/A,,,2,square,#00b5e2,12,,black,,,,,,,,
,,432,,,#N/A,#N/A,,,2,circle,#d50032,12,,black,,,,,,,,
,,432,,,#N/A,#N/A,,,2,square,#00b5e2,12,,black,,,,,,,,
,,433,,,#N/A,#N/A,,,2,circle,#d50032,12,,black,,,,,,,,
,,433,,,#N/A,#N/A,,,2,square,#00b5e2,12,,black,,,,,,,,
,,434,,,#N/A,#N/A,,,2,circle,#d50032,12,,black,,,,,,,,
,,434,,,#N/A,#N/A,,,2,square,#00b5e2,12,,black,,,,,,,,
,,435,,,#N/A,#N/A,,,2,circle,#d50032,12,,black,,,,,,,,
,,435,,,#N/A,#N/A,,,2,square,#00b5e2,12,,black,,,,,,,,
,,436,,,#N/A,#N/A,,,2,circle,#d50032,12,,black,,,,,,,,
,,436,,,#N/A,#N/A,,,2,square,#00b5e2,12,,black,,,,,,,,
,,437,,,#N/A,#N/A,,,2,circle,#d50032,12,,black,,,,,,,,
,,437,,,#N/A,#N/A,,,2,square,#00b5e2,12,,black,,,,,,,,
,,438,,,#N/A,#N/A,,,2,circle,#d50032,12,,black,,,,,,,,
,,438,,,#N/A,#N/A,,,2,square,#00b5e2,12,,black,,,,,,,,
,,439,,,#N/A,#N/A,,,2,circle,#d50032,12,,black,,,,,,,,
,,439,,,#N/A,#N/A,,,2,square,#00b5e2,12,,black,,,,,,,,
,,440,,,#N/A,#N/A,,,2,circle,#d50032,12,,black,,,,,,,,
,,440,,,#N/A,#N/A,,,2,square,#00b5e2,12,,black,,,,,,,,
,,441,,,#N/A,#N/A,,,2,circle,#d50032,12,,black,,,,,,,,
,,441,,,#N/A,#N/A,,,2,square,#00b5e2,12,,black,,,,,,,,
,,442,,,#N/A,#N/A,,,2,circle,#d50032,12,,black,,,,,,,,
,,442,,,#N/A,#N/A,,,2,square,#00b5e2,12,,black,,,,,,,,
,,443,,,#N/A,#N/A,,,2,circle,#d50032,12,,black,,,,,,,,
,,443,,,#N/A,#N/A,,,2,square,#00b5e2,12,,black,,,,,,,,
,,444,,,#N/A,#N/A,,,2,circle,#d50032,12,,black,,,,,,,,
,,444,,,#N/A,#N/A,,,2,square,#00b5e2,12,,black,,,,,,,,
,,445,,,#N/A,#N/A,,,2,circle,#d50032,12,,black,,,,,,,,
,,445,,,#N/A,#N/A,,,2,square,#00b5e2,12,,black,,,,,,,,
,,446,,,#N/A,#N/A,,,2,circle,#d50032,12,,black,,,,,,,,
,,446,,,#N/A,#N/A,,,2,square,#00b5e2,12,,black,,,,,,,,
,,447,,,#N/A,#N/A,,,2,circle,#d50032,12,,black,,,,,,,,
,,447,,,#N/A,#N/A,,,2,square,#00b5e2,12,,black,,,,,,,,
,,448,,,#N/A,#N/A,,,2,circle,#d50032,12,,black,,,,,,,,
,,448,,,#N/A,#N/A,,,2,square,#00b5e2,12,,black,,,,,,,,
,,449,,,#N/A,#N/A,,,2,circle,#d50032,12,,black,,,,,,,,
,,449,,,#N/A,#N/A,,,2,square,#00b5e2,12,,black,,,,,,,,
,,450,,,#N/A,#N/A,,,2,circle,#d50032,12,,black,,,,,,,,
,,450,,,#N/A,#N/A,,,2,square,#00b5e2,12,,black,,,,,,,,
,,451,,,#N/A,#N/A,,,2,circle,#d50032,12,,black,,,,,,,,
,,451,,,#N/A,#N/A,,,2,square,#00b5e2,12,,black,,,,,,,,
,,452,,,#N/A,#N/A,,,2,circle,#d50032,12,,black,,,,,,,,
,,452,,,#N/A,#N/A,,,2,square,#00b5e2,12,,black,,,,,,,,
,,453,,,#N/A,#N/A,,,2,circle,#d50032,12,,black,,,,,,,,
,,453,,,#N/A,#N/A,,,2,square,#00b5e2,12,,black,,,,,,,,
,,454,,,#N/A,#N/A,,,2,circle,#d50032,12,,black,,,,,,,,
,,454,,,#N/A,#N/A,,,2,square,#00b5e2,12,,black,,,,,,,,
,,455,,,#N/A,#N/A,,,2,circle,#d50032,12,,black,,,,,,,,
,,455,,,#N/A,#N/A,,,2,square,#00b5e2,12,,black,,,,,,,,
,,456,,,#N/A,#N/A,,,2,circle,#d50032,12,,black,,,,,,,,
,,456,,,#N/A,#N/A,,,2,square,#00b5e2,12,,black,,,,,,,,
,,457,,,#N/A,#N/A,,,2,circle,#d50032,12,,black,,,,,,,,
,,457,,,#N/A,#N/A,,,2,square,#00b5e2,12,,black,,,,,,,,
,,458,,,#N/A,#N/A,,,2,circle,#d50032,12,,black,,,,,,,,
,,458,,,#N/A,#N/A,,,2,square,#00b5e2,12,,black,,,,,,,,
,,459,,,#N/A,#N/A,,,2,circle,#d50032,12,,black,,,,,,,,
,,459,,,#N/A,#N/A,,,2,square,#00b5e2,12,,black,,,,,,,,
,,460,,,#N/A,#N/A,,,2,circle,#d50032,12,,black,,,,,,,,
,,460,,,#N/A,#N/A,,,2,square,#00b5e2,12,,black,,,,,,,,
,,461,,,#N/A,#N/A,,,2,circle,#d50032,12,,black,,,,,,,,
,,461,,,#N/A,#N/A,,,2,square,#00b5e2,12,,black,,,,,,,,
,,462,,,#N/A,#N/A,,,2,circle,#d50032,12,,black,,,,,,,,
,,462,,,#N/A,#N/A,,,2,square,#00b5e2,12,,black,,,,,,,,
,,463,,,#N/A,#N/A,,,2,circle,#d50032,12,,black,,,,,,,,
,,463,,,#N/A,#N/A,,,2,square,#00b5e2,12,,black,,,,,,,,
,,464,,,#N/A,#N/A,,,2,circle,#d50032,12,,black,,,,,,,,
,,464,,,#N/A,#N/A,,,2,square,#00b5e2,12,,black,,,,,,,,
,,465,,,#N/A,#N/A,,,2,circle,#d50032,12,,black,,,,,,,,
,,465,,,#N/A,#N/A,,,2,square,#00b5e2,12,,black,,,,,,,,
,,466,,,#N/A,#N/A,,,2,circle,#d50032,12,,black,,,,,,,,
,,466,,,#N/A,#N/A,,,2,square,#00b5e2,12,,black,,,,,,,,
,,467,,,#N/A,#N/A,,,2,circle,#d50032,12,,black,,,,,,,,
,,467,,,#N/A,#N/A,,,2,square,#00b5e2,12,,black,,,,,,,,
,,468,,,#N/A,#N/A,,,2,circle,#d50032,12,,black,,,,,,,,
,,468,,,#N/A,#N/A,,,2,square,#00b5e2,12,,black,,,,,,,,
,,469,,,#N/A,#N/A,,,2,circle,#d50032,12,,black,,,,,,,,
,,469,,,#N/A,#N/A,,,2,square,#00b5e2,12,,black,,,,,,,,
,,470,,,#N/A,#N/A,,,2,circle,#d50032,12,,black,,,,,,,,
,,470,,,#N/A,#N/A,,,2,square,#00b5e2,12,,black,,,,,,,,
,,471,,,#N/A,#N/A,,,2,circle,#d50032,12,,black,,,,,,,,
,,471,,,#N/A,#N/A,,,2,square,#00b5e2,12,,black,,,,,,,,
,,472,,,#N/A,#N/A,,,2,circle,#d50032,12,,black,,,,,,,,
,,472,,,#N/A,#N/A,,,2,square,#00b5e2,12,,black,,,,,,,,
,,473,,,#N/A,#N/A,,,2,circle,#d50032,12,,black,,,,,,,,
,,473,,,#N/A,#N/A,,,2,square,#00b5e2,12,,black,,,,,,,,
,,474,,,#N/A,#N/A,,,2,circle,#d50032,12,,black,,,,,,,,
,,474,,,#N/A,#N/A,,,2,square,#00b5e2,12,,black,,,,,,,,
,,475,,,#N/A,#N/A,,,2,circle,#d50032,12,,black,,,,,,,,
,,475,,,#N/A,#N/A,,,2,square,#00b5e2,12,,black,,,,,,,,
,,476,,,#N/A,#N/A,,,2,circle,#d50032,12,,black,,,,,,,,
,,476,,,#N/A,#N/A,,,2,square,#00b5e2,12,,black,,,,,,,,
,,,,,,,,,,,,,,,,,,,,,,
,,,,,,,,,,,,,,,,,,,,,,
,,,,,,,,,,,,,,,,,,,,,,
,,,,,,,,,,,,,,,,,,,,,,
,,,,,,,,,,,,,,,,,,,,,,
,,,,,,,,,,,,,,,,,,,,,,
,,,,,,,,,,,,,,,,,,,,,,
,,,,,,,,,,,,,,,,,,,,,,
,,,,,,,,,,,,,,,,,,,,,,
,,,,,,,,,,,,,,,,,,,,,,
,,,,,,,,,,,,,,,,,,,,,,
,,,,,,,,,,,,,,,,,,,,,,
,,,,,,,,,,,,,,,,,,,,,,
,,,,,,,,,,,,,,,,,,,,,,
,,,,,,,,,,,,,,,,,,,,,,
,,,,,,,,,,,,,,,,,,,,,,
,,,,,,,,,,,,,,,,,,,,,,
,,,,,,,,,,,,,,,,,,,,,,
,,,,,,,,,,,,,,,,,,,,,,
,,,,,,,,,,,,,,,,,,,,,,
,,,,,,,,,,,,,,,,,,,,,,
,,,,,,,,,,,,,,,,,,,,,,
,,,,,,,,,,,,,,,,,,,,,,
,,,,,,,,,,,,,,,,,,,,,,
,,,,,,,,,,,,,,,,,,,,,,
,,,,,,,,,,,,,,,,,,,,,,
,,,,,,,,,,,,,,,,,,,,,,
,,,,,,,,,,,,,,,,,,,,,,
,,,,,,,,,,,,,,,,,,,,,,
,,,,,,,,,,,,,,,,,,,,,,
,,,,,,,,,,,,,,,,,,,,,,
,,,,,,,,,,,,,,,,,,,,,,
,,,,,,,,,,,,,,,,,,,,,,
,,,,,,,,,,,,,,,,,,,,,,
,,,,,,,,,,,,,,,,,,,,,,
,,,,,,,,,,,,,,,,,,,,,,
,,,,,,,,,,,,,,,,,,,,,,
,,,,,,,,,,,,,,,,,,,,,,
,,,,,,,,,,,,,,,,,,,,,,
,,,,,,,,,,,,,,,,,,,,,,
,,,,,,,,,,,,,,,,,,,,,,
,,,,,,,,,,,,,,,,,,,,,,
,,,,,,,,,,,,,,,,,,,,,,
,,,,,,,,,,,,,,,,,,,,,,
,,,,,,,,,,,,,,,,,,,,,,
,,,,,,,"<p style=""font-size:12px;color:black;text-align:center;""><a href=""https://lclc.uic.edu/"" target=""_blank""><img src=""https://lclc.uic.edu/wp-content/uploads/sites/408/2021/03/COL.LAS_.SANDIP.LOCKC_.SM_.RGB_.png"" width=""100%""></a><br/>(click the logo to learn about<br/>language and culture events at the LCLC)</p><p style=""font-size:16px;color:black;padding:0px;margin:0px;"">Email <a href=""mailto:lclc@uic.edu"">lclc@uic.edu</a> with any questions.</p>",,,Story,,,,,,,,,open,,,
,,,,,,,"<p style=""font-size:16px;color:black;padding:0px;margin:0px;""><b>Use your mouse to navigate the map. Scroll to zoom in and out.</b></p>",,,Story,,,,,,,,,open,,,
,,,,"<span style=""font-size:18px;padding:0px;margin0px;"">About</span>",,,"<p style=""font-size:16px;color:black; padding:0px;margin:0px;"">International Mother Language Day (IMLD) is a worldwide annual observance held on 21 February to promote awareness of linguistic and cultural diversity and multilingualism.</p><p style=""font-size:16px;color:black"">To highlight the diversity of the UIC community, the <b>Language and Culture Learning Center</b> is creating a map of the mother languages of students, faculty, and staff.</p><p> </p>",,,Story,,,,,,,,,open,,,
,,,,,,,"<p style=""font-size:16px;color:#d50032;padding:0px;margin:0px;""><b>Languages people speak at home are red circles.</b></p><p><p style=""font-size:16px;color:#00b5e2;padding:0px;margin:0px""><b>Languages people are learning are blue squares.</b></p>",,,Story,,,,,,,,,open,,,